"Наименование","Шипы","Высота профиля"
"Bridgestone IC7000 185/65 R15 88T","Нет","30
"
"Nokian Hakkapeliitta R SUV","Да","25
, 30
, 35
, 40
"
"шина 433","Нет","25
, 30
, 35
, 40
, 60
"
"шина 4343","Нет","35
, 40
, 50
"
"3234","Нет","40
, 105"
"dsfsdf","Нет","35
, 40
, 65
"
"234234","Нет","105, 90
, 50
"
"шина 4324234","Нет","30
, 40
, 45
"
"шина 4","Нет","30
, 35
, 55
"
"шина 4","Нет","80
"
"шина 445","Нет",""
"шина 4555","Нет","90
"
"шина 4324234","Нет","45
, 30
"
"шина 4","Нет","30
, 35
, 45
, 50
, 25
"
"шина 4","","70
, 85
"
"шина 445","Нет","35
, 25
"
"шина 4555","Нет","30
, 35
, 40
, 45
"
"test 1","Нет","45
, 105, 90
"
"dd6f116ff0a0d26d86612a4b67bd89f8","Да",""
"7b5c18bdf9f795c404412a523e18279a","Да","65
"
"aa55a7c806e667cc1eb970d5a4d59fb3","Да","55
, 60
, 95
"
"48f8c77a087a32bbee3b93099a657a03","Да",""
"ee1592acdb7e29752f1fed9f9e30e8d5","Да","50
, 60
"
"2be2023ebeb58cc6cb38e6269c357804","Да","25
, 60
"
"ff726df4d62509c40e9b8dda14683a48","Да","90
, 35
"
"05ce04ef5f1523d39d5a119aaf070aa9","Да",""
"d70771d9dc515798afe338238c495ee5","Да","25
, 55
"
"718d2584fa11bc7c950fd4970223559b","Да",""
"c231913b9924abb75cd26fa7a3cd08f8","Да","80
, 75
, 55
"
"cad1a7b384c40d755bea86a26c50387b","Да","105, 75
"
"e5a2ba6d595dc8c7121368fda67c7c99","Да","80
, 95
"
"609bf45a4a7903200a5166f8f999798e","Да","35
, 85
"
"f5bba84a61aeee3e084497536bd71d81","Да","30
"
"a06c8f4071000a245cbfd07d63192824","Да","70
, 80
, 105"
"bc19991c257d6ca349dfdb67e0c9c6a3","Да","50
, 45
"
"daee3fd00256bc7efc60fe69c6fb3ca6","Да","60
"
"001c64efc400160d42d872164f7d4281","Да",""
"81e63d41405ff847ebf0f4c62f81e45f","Да","90
"
"3e541f43616eea84b4196b3fa805f015","Да",""
"9ef55bd0410f9be405d536d3dd9e26c3","Да","30
, 95
, 90
, 105"
"92f0c24b6c9a56eea3d4ce856e2f7046","Да","80
, 60
, 45
"
"ea23cafbb2f204136772f82c4ceb1c97","Да","50
"
"5b85a3bc9155bddfe67f580fc40f33e8","Да","80
, 95
, 60
, 70
"
"fd568c44be34180ce89c15fc0ef0d810","Да","90
, 55
, 105"
"6d6cf742717d5bebfa12a352072b8cea","Да","65
, 85
, 75
"
"0b6921a7924a60c348e07f3204335def","Да","30
, 65
"
"2acb235a870e99a35e4d0a4f88a19c63","Да",""
"fd0aca6667bbf217a912572dd07988f9","Да",""
"55e60f82305733587a6d507d293e0b65","Да","70
"
"29491cb07118b18025181a5221c1fe3b","Да","60
, 105"
"8b6e0bbd913735d09b817a5431cbe014","Да","60
, 65
"
"04e0d1500558abcbe46e362a3978d799","Да","45
, 30
"
"a3a14e9a81ea190026bceec3cea87a56","Да",""
"28b4c62546c40ed1d24a7fe01b452998","Да","25
"
"4fad27643649ce8faea6da4951264de6","Да","90
"
"98a9a8042cc7d3a35da8cb5a07cfbfb4","Да","25
"
"a6ba1b5ff43b546536c96bac38a4e02f","Да","55
, 35
"
"ff0b787e0656ac539ba9006b401a6396","Да",""
"321db5425cebcc8fcccba626021e257b","Да","70
, 40
"
"3072214cc0fa3cd27dec2cb41e28ea19","Да","60
, 75
"
"213014be67d1a9954c868de2f0cea331","Да",""
"730055730fb5de9aa878cab49ac83486","Да",""
"e118c86cdaa80a83ba5d75e75ad01201","Да","65
, 90
"
"573a44351f770c5ade24f25ccbc08985","Да","105, 50
, 70
"
"106b4d2719e63e1beaab3b4e87488f56","Да",""
"cbf9e1828a9a1ff71552e5af31fbb00d","Да",""
"91a5e45867584b04c1746e9b981357bd","Да",""
"9debe41c268735104fa898219d4e7052","Да","80
, 35
"
"13f7fa15ff6e9bbf6905a4c3c5b48f67","Да","75
, 65
"
"f721c5ccd33f4ad2e1ddbffce20e2a9c","Да",""
"76ed2bc565b1afadd53b23cd2e03de9f","Да","95
"
"fae9cb32bcb81fde19270b7d325b51f1","Да",""
"e774d0e5dbc376a565f74914abb0902d","Да","90
, 40
"
"24354e571a52e7950f1f2dc4628d900a","Да","30
"
"ee8efcfd027dc09d12b4c7c480ea93f4","Да","105"
"a3382b67c88a15203207910f46e7a39f","Да","50
, 75
"
"ca9674457a66e03ffd8deb24edfedced","Да","85
, 70
"
"269b5ea07e48fad79e0fe609e7690f30","Да","35
, 45
"
"1e841e11e4723ad713d6eeca574ecda2","Да",""
"2854ace2b69717ced6b430268c742bca","Да","90
, 35
"
"870fd16f3c9e50edef001fe49e4b6b1e","Да","30
, 25
"
"a138abf1d20156dd74f48fddb62b609a","Да","65
"
"606eb9c717be65b36ceceb40f78748f5","Да","55
"
"bd2d3814cfac1756ecc2f89e8213f18b","Да","40
"
"2dc242947bafc1d28930e8ffb1935924","Да","35
"
"1ceedcdabce8315af2f96de03d7966b2","Да","85
, 80
"
"40a780d29f6a5064510aed1ff9ee9448","Да","75
, 95
"
"2fc5a3e0f027e89ac9090c2c59bdd4a6","Да","95
, 30
"
"8ed4c964cd5582f756ef2ee7dba7cc34","Да","85
"
"26d39e858472b66e229dac72e62fd4cb","Да","95
"
"2382c7e730d6eaac4ef1e69f74f4c20b","Да","35
, 70
"
"a54d560c577e6d2d98eb8360242edc38","Да","70
"
"4c362995422413b18142f8bcb7dbe65d","Да","35
"
"59a14c0f76c583ff71274c3e29c07aa5","Да","30
, 40
, 25
"
"bce6ec369b7fefece976954811c3f1a3","Да","30
"
"2fb775dc5a5e2caca8209be3569bf80c","Да",""
"9a3caf197e75265b4616ffdadaa39cf8","Да",""
"142df728a2df5ad39aa4d9481f3e3119","Да","60
, 65
, 80
"
"d63765971577900e0d047fb0ab750a76","Да","85
"
"79f9c4f99c0fb5bb71a1931ff663620f","Да",""
"181224fb17a8a62f98dfce8fffbc8c7c","Да","70
"
"c05e6a7f6565337cf58e317266d4e8e4","Да","55
, 85
"
"bfae454ed047509d9eefcd0b35348bc7","Да","95
, 90
"
"10ca7e000512ea837ae1ef820b7560bc","Да","80
, 55
"
"571fa7bdc9a9fadef1928d6d655f0087","Да","25
"
"c83f147221249eac6ff464893c2cf409","Да","95
, 65
"
"c9994244ae6186a04d38a759b5f41c9a","Да","60
"
"138bd8bdb2ce4199681fca400dc71742","Да",""
"26ee63c35fa438aee9ec2fcfb3c164c1","Да","105, 35
"
"aab4003cbc4ebc77a64b094e04645fcf","Да","70
, 30
"
"c29baebf4d39b00740f3a365bdad8a5b","Да","105, 95
"
"855fe50b5b68cdd2dbae858aa965c9fb","Да","85
"
"61bf4c81e7e1ad7280b6de6291c5c3fb","Да",""
"dd844025e223a1eeb4f510d542386108","Да",""
"7617e64238ffbf01d49c55849d11fd8e","Да","105"
"e6c903cfd3fb9c973b3a84458524ef80","Да","35
, 45
, 105, 25
"
"bf2911bb47e34b025754facee1aa8fc0","Да","70
"
"565b8e45e0fd57075952a484305a5878","Да","85
, 60
, 90
"
"43711bb261685dada3de1ab68de4188c","Да",""
"d693fbafefd7f8400b101fade2509ca5","Да",""
"a3cf514691300a88e7b7c2bc2d1b6426","Да",""
"291150d5e0f95cf08cfe19c94541c1f9","Да","25
, 65
"
"fb3caf2dc719e0647a878e9252e6eec0","Да","35
"
"162b870270eab7314998536fa2d5b162","Да","65
, 70
, 55
"
"e326ea9c668006ee9c1bd5d50729fa79","Да","95
"
"d10d29780e7a3a3b05166852064f85e6","Да",""
"24f87b02d377b49496c47a7568308c89","Да","45
, 65
"
"31b048faf8ea6003a858fddc97d7324e","Да","35
, 40
"
"aa5aa3a2a8d7a124992d8a7a96bae41f","Да",""
"5c61db9a63965a3b3b2916299cee8e88","Да","85
, 75
, 70
"
"85a74eebd8b14d5fbff1f82cc868514e","Да","65
"
"76907aeb990c5fcbef0d0dbdf9bb4960","Да","75
, 40
, 65
"
"3e9168569b59989ecbef531748607f5e","Да",""
"c5a8e58861e54bc1e13ddb573636e53f","Да","30
"
"230087fe7f53ad9020365cd05019da2e","Да",""
"70967dee6564cd522b91d6c31a7f0783","Да","95
, 75
"
"b14d8d32f2ac05f2a00efdbf09fc5510","Да","55
"
"b3a6daa2e54afad0f1ae8cb4fc11cbb6","Да","35
"
"fafe996a0f18c90e2d4fb361142846e5","Да","40
, 25
"
"569efedfd710f3badf503c8383e03af9","Да",""
"1f950df5119a5d5efff771d8b196fc68","Да",""
"917861d992085b60f0ea3875cd754b89","Да","105, 30
, 95
"
"1558a7f5dcc4b20f2f315174e6b201ac","Да","45
"
"1b6831b96f6d78bd0d5de328d4f04b9f","Да","80
"
"1b5ee31373c18dac289d22293e5ee9ed","Да",""
"86b28113f60a1d7120793ff7fb4a73dd","Да",""
"b282d15cfdd20748d7b4310414b7ae87","Да",""
"4a8af276a34c09e34b029645134ee190","Да","40
"
"5cb27e8c6f4139ad65b39f75b9e8ebf1","Да","55
, 60
"
"4caf0293106e3e6ccab8a0a01d0ec040","Да","25
, 35
"
"0facb752a5ef6a401983988cb9846936","Да","105, 30
, 40
, 35
"
"c2690e6e71081081a2cc9d3d7d8355ca","Да","65
"
"b784b171acdda3838535c0977ef50752","Да","45
, 60
, 25
"
"aa47c816900d2d8f4ecffd4a3f088001","Да","75
, 65
"
"c80f81fac95e9dfcd3923030fa41e2ae","Да","80
, 85
"
"9750f3e51477c304857ecb36c790925e","Да","85
, 40
"
"7bc75c281cf02da8c897e3ba4f50f171","Да","45
, 25
"
"1fff44f55f255b42d519e9965b419629","Да","50
, 55
, 95
, 85
"
"f0f0e31d1c56be936add10a7b089bcc5","Да",""
"16a0c2d79aa33b5bb0fd93a498c28331","Да","65
, 45
"
"21228b2563749ee727af78106942dbbd","Да","45
, 25
, 80
"
"327efb05a459ffcf365ccdfec84f08f3","Да","70
, 35
"
"9c6a04cf6ec020a9300fdbc805161036","Да",""
"cd41a4643f78434d897fcfd670d28c38","Да",""
"9d67a9b58c1ab34689d6c267661d0750","Да","60
"
"d641dcf6ec2f54ab76e0f09efbde2ad4","Да","70
"
"5b5377e37fc7a56abc1ce9dfacc9e522","Да",""
"ac490b907aa270c8e014944fb174f657","Да","45
"
"7f5775b20bae310ca4719a6ffbe03bc5","Да","65
"
"0cdf3700667dc8496678b535cf770129","Да","90
, 30
"
"d1ea6f19523ba3eac97098551f9ef827","Да",""
"62c7de6f35d8a54c8953a40050e9b67d","Да","60
, 50
, 55
, 90
"
"6dad9b3b8fcb82d1fbbf7625bfc33cf9","Да",""
"6cdd417b988feeef595f9a0fa71e0c3b","Да","50
"
"b369ea657460cf1e7bce47e4b3bb1a02","Да",""
"54adac01f3c210ac82d4414829d209a6","Да","65
"
"0fe5c4b27f2edbdf759efd4d231ec477","Да",""
"a7ded355df338ceaafe37fd2026c7046","Да","80
, 25
, 50
"
"c7ee6da8bc862bf6a0f13376830ddd9f","Да","85
, 55
, 65
"
"fd6ee4f474b7e34393df14e5e6319b90","Да","85
, 40
"
"292683024be6e281e31a1ce943658e7b","Да","30
, 90
"
"5dbc713339da04c0066f224e77ec6a74","Да",""
"b1643b808fd2b866732bb1920dbe8efb","Да",""
"e6544dd1a6947f3d34479c27062b8d43","Да","80
, 35
, 60
, 65
"
"a0c7a7b5639be6d42de7f06fe5c949b7","Да","30
"
"141f9402a30a22a6628e15e6178082db","Да","90
, 75
, 35
"
"1785ec9112c8a777c9fd3ebdd239598e","Да",""
"87fda85b5fa19404dcf8bfb3d93bdad5","Да","85
"
"a177455b1319071845ed0f269e00cec1","Да","60
"
"c1015deaf9bf3b7d800d37c3d9c218d5","Да",""
"89dad222f12398d5bd24c18956482f76","Да",""
"242e74f5e271a4f2c9a7dc34d3f4a984","Да",""
"374f14302587467b2ddd2fb521920354","Да","85
, 40
, 55
"
"dfdbdbb85bf072daf125f9b24a827e7b","Да","95
"
"5f59b9cbc50b874472311263eb2a1040","Да","60
"
"e0e19cb7dee3d6a1bc42be6344bce277","Да","105, 25
"
"511ff4da5b488344449937d8e2189edf","Да","35
"
"83c287c958be54251b3ff5533e0f4b0a","Да","75
, 30
"
"995aa2a8df308af8cdc297bb1ab5e045","Да","55
, 70
, 50
"
"37846ce9091de6e392fd8fa322476b55","Да","55
"
"9ebfcaae7ae6f21eb9dae86ebefe6af5","Да",""
"cb6820b47a50e7f5e052d56f6ef5a20e","Да",""
"85f090ded0c43e2c70dce256b25991b9","Да","55
, 90
"
"dea2c9941ab8c59c4a17d5c7574aca31","Да","80
"
"068e4a615a94688dde2a435a542b11e5","Да","55
, 35
, 40
"
"6d1c4791c66420fefd941ba8881bbc5c","Да","60
"
"e3f3c1bdd17b417ee3da1357dcb6330e","Да","65
, 30
"
"257a62780a9829874434f3b378d9114c","Да","90
, 85
"
"38fd23f7838bcfe895b368db842aef6a","Да","80
"
"b234a75f8c9430fe65822c8897db36d6","Да","25
"
"687a3f88b8cd0c6b85b71b02a6ae92a3","Нет","75
"
"8ab271da64bf8a730504044ab132dec5","Нет","80
, 85
, 105, 95
"
"cbd3bcb4d4e9a8afc0ed38b831403911","Нет","80
, 30
"
"3323fb589dec4c4d7a21963b985d81c0","Да","80
"
"f99573274dfab7afdf1e12a028e26552","Нет","65
"
"f2df2928f5b440aef781201f5b821ff2","Да","45
, 35
"
"bd6f674a2fded80153614e514010930d","Нет","25
"
"4be3220888459d1785207115bcf82e1e","Да","40
, 70
"
"18d725e7003cc3d7957a414a7b2c0bc7","Нет","25
, 45
, 55
, 75
"
"a86054b887b235ce29155030bb55d1e1","Нет",""
"aedcb2e909002ff40dc3c6ddd788b8b6","Да","105"
"4d384d5554827a8415e3f127d5ba755e","Да","70
, 85
"
"0b5eb9360e33a8eb4c0f2cc36adcd155","Нет","65
, 105, 60
"
"46bf1250c5d473e92260af5643d342ff","Нет",""
"bde031785cbeaf97f0783e3911c647eb","Да","30
"
"eb8e250dbfe2d19df8e4454307411765","Да",""
"cb332464180b2cdaad7caba844fd0e97","Нет","60
"
"439bac3b0d8b228ed0a2ebed11d13b63","Да","95
, 55
, 80
"
"91e77fe92c0c5652fb12155262068909","Да","75
"
"8f5206af476f391c620dace42bdd3b5d","Да","75
"
"0980f345e37de2d2a5a32cad1957dadb","Нет","85
, 70
"
"8f1ee029ff5db461270df8f921105c04","Да","40
, 55
, 90
, 95
"
"70c58bc0097ef526fc3f38eeefcb39cb","Да","30
"
"5f3b8f4eb2cc81814325f8ea49e63f41","Нет","85
, 25
, 60
"
"0e82af37abc1d894401fcc8fb2e987b5","Да","60
, 90
"
"f64836f18436cf5da52f6a1ffad0651e","Нет","65
"
"1824e86804443997f4117d02020bdb9a","Да","45
, 50
"
"479050bb67dca9b2cf907cd6532f3e00","Да","45
, 105"
"812bcd8b87f3b80cc82c67a57d8b8116","Нет","95
, 105, 30
"
"7052096ab147e1aeaf87fa43b4233bde","Нет","75
, 55
, 40
"
"ea5552663cf4f34a44b3731c441ad707","Нет",""
"09618a403b187bb22eab8f7a16e76659","Нет","85
, 65
, 35
"
"121a3f5c7c4266f013696d430de8fbbd","Да","75
"
"97ccc7af2c051ac4430ab2df3cbff67a","Нет",""
"f895c495fab28e6828a44c14b742d16b","Нет","95
"
"b18959e0c0101bd987eb5d1e082669d7","Нет","60
"
"9e48b63308bf90f989274d29e68e904a","Да","95
, 40
"
"9be187bc7d22112b5918f3518f896a73","Да","40
, 80
, 30
, 70
"
"536f7b03816a30372dbdbaf0f593bc70","Нет","95
"
"4a4cdedd4d63415e6a171bf5f228122c","Нет","45
, 40
, 80
"
"268d9451f976456d36275b2e582177e4","Нет","70
"
"e9306a8b920ca2a4ddf51b9f3f75cba8","Нет",""
"36c634fdd31b8786c818b8ab86ee362b","Нет",""
"bbb44d13ba1a1fe4badac384c4bcf27f","Нет","50
"
"778b6419a88dff6ff889c60cde7f84a4","Да","30
"
"90d5ecc5f7bae72c2a8f2d965150029d","Да",""
"048f7e42b0f7ba456c25cc4069c40d02","Да","50
, 65
, 80
"
"e8599b6ffb7a888528ef51063f7f0b81","Нет","80
, 65
, 85
"
"254271f9f4bbe924a39bf2fefb246f30","Да",""
"02a7a428422d240f9e744070bc6911cc","Нет","45
, 55
, 60
"
"ab56116849f5138316cc41afbacc6e4b","Да","50
, 40
"
"40c04196d4ab82c5ce64275914d3064e","Нет",""
"2bf41e5275ae5bd5e21e6b87b32caa1f","Нет","70
"
"372ee1d87429cc7738e2a2d941e6adaa","Да","30
, 45
"
"4078dced7eaee0cb6dd7f0b8ae4022bf","Нет","70
"
"9bb73b94e1809144bbe776e3c0fc30c8","Да","75
, 40
, 50
"
"ffc0be7fcaf221b0a02cdc0c0962b0d5","Нет","25
, 60
"
"a87454f2bb5a39845060f89837a8b92a","Да",""
"532fd324a0490d871984631d6cb81dd4","Нет",""
"60672d8140477ce3bd4994944e1de79f","Да","60
, 80
"
"5bde7ac250e2f4bf557dc048b2f59d13","Нет","55
, 40
"
"e36090bc4ce6a0735c70151244ed9761","Да","105, 30
"
"bf21a19a8b2e726152692c244e754df4","Нет","25
, 60
"
"c782390d15f659c0290f526c1b93779a","Да",""
"d36488e7e5409d26cd17e71e7bc8cd9f","Да","45
, 75
"
"3657477fc3287ddd7d265cfc207b9104","Да","65
"
"4e787ddd81929c64d734ddc8e84dca5d","Нет","75
, 95
"
"232976d2902b8facebb8ac43d4418c1a","Нет","45
, 50
"
"01b5521707261729ea4b4bd049169b41","Нет","50
, 35
"
"4bb4189cd2c201d08b02ccd3afbfaf75","Да","60
, 65
"
"9e677bb218613d2a85dd0d569cd48813","Да",""
"4fbcd045437dc96f4287970bba310e60","Да","35
"
"6014137a05678e2547573a511fd48343","Нет","60
"
"b76f7c67d734ce72c54eba48571beba7","Да","50
"
"9ca3bbd2d698c5dcfcb33d2d1742ed2b","Нет","35
"
"bc22a1418d249a59fd4c9671c763afc8","Нет","70
"
"86a6ef65d20349f689b80e3a837ef6d6","Нет","50
"
"705530e8c95efe985885512d0e8d6e71","Нет","95
, 60
, 25
"
"582ac16e086a9f7c21416f4c4c6b7b99","Нет","85
"
"f316bf8035247579d5004a9bfbeb4857","Да","35
"
"64ae6dd5e3f5a2bd9bb53ee13429d31e","Нет",""
"a63881f5b88b6f82c2eaa49442b580be","Да",""
"a04820785ebb55fa058b3ee96ab6df3f","Да",""
"ff899353bbffdbc70fd77f7aa9ced577","Нет","40
, 95
"
"580863e265fd7e6125cd458246c60669","Нет","55
, 25
"
"99bdfca9917d770876f392cfc4d45a37","Нет","75
, 90
"
"dd4bc100e9020f70a57f0b1aa74333eb","Да",""
"32cb974ac7521870b2a58d867aec890f","Нет",""
"d103149de2858b075982242fae265f95","Да","70
, 35
, 50
, 55
, 80
"
"13aaca9c68c43a7aa5234e2a52e4143a","Да","105, 60
"
"eca5d53c99b7a06fea5f03fbbefc969d","Да","30
, 45
, 95
"
"197502e6172e6400ab255607eaabdfe5","Нет",""
"8f072d1368b6efaa939a88845227c268","Нет","65
, 90
, 75
, 50
"
"cdbd9846afd6391a63ff45c93cbe8f5e","Нет","105"
"d7b514644e0d264d5dbb435f16c16062","Да","55
, 70
, 35
"
"e0139c175360a5e6a92d491d9080ff1a","Да","75
, 65
"
"0a8cc05c4d913bf4a569c9dd65945187","Нет",""
"2d73d69449df5361e02f7846166bd475","Да","90
, 50
"
"745963621c86504a7be47ca84ab237c6","Да","90
, 40
, 75
"
"1d98fb4fe81e5ed62fd70dcf84cda6e9","Нет","60
"
"28b63d727e3ed2a08915f3d3ceb72939","Да","50
"
"8115905f8dc1bcc106ecd46a67bd677b","Да","30
, 85
"
"005219cac76231b5ea8d94da49ca89ca","Нет","75
"
"17ff31be71b7ba64eee976113a35eb94","Нет","105, 30
, 65
"
"93bc2a381e03269e33b91cc9d40de412","Нет","55
"
"c490c0dcce3bcc52c1a6a5da7955b4df","Да","65
"
"4035bc0248fb45149c51bffc67cbfe44","Нет","65
"
"1f9068b8156f4798308c3f0327e8ed8a","Нет",""
"fd95339ef8ee2b519e692e3dc0aab2b9","Нет","90
, 40
, 35
"
"97ecd2114c46d6040006fd1fd77975f4","Нет","50
, 65
, 40
"
"9a97a12ff4c57d7b22e7f976868ffff9","Нет","70
"
"31cec19607b2ece283387d24ef27a30d","Нет","70
, 85
"
"0775c116337bc1f11a843f278690e280","Да","55
, 80
"
"e47f8c2b7c2ad63be594827ebcfed6a7","Да","90
, 80
"
"791c432cbead177248935093b4c9d5b0","Нет","25
"
"1b2b70806bd05007a5fa6ff2ff6a398b","Да","55
, 35
, 30
"
"ede35a05be464bd4fe299f866afeadb1","Нет","60
, 70
, 30
"
"708c408adf7e8845d8d70080541afd3b","Нет",""
"69239112d88f92f7de78e36c38e49000","Нет","95
, 55
"
"bd10dac6d1075e08de70502c98e395a5","Нет",""
"6a83e3d60e29f428b2ba29985a48c923","Да","85
, 60
, 45
, 40
"
"c8661e630e9dad1a9e3d60c50363d0ac","Да","75
"
"caa078951c41da9162ec8ea693dccedc","Да",""
"84edc388a635757451e10d9760633fbc","Нет","65
"
"a325daecc06b24b14df3a5e36b1d83a3","Нет",""
"18677ee227b74771a85fa1cccc25abcb","Да","45
"
"99f979db25693ad6b7ac441c9be5de25","Да","30
, 65
"
"cb8348712d981a01a9b7125b36f4b735","Да","45
"
"e7f79d285d494573752448e73953dfce","Нет","50
"
"fcc65f90958a7c594412160cd7f7738e","Нет","85
, 60
"
"baf125f22b22de2d0c31c57278c2e4ff","Да","35
, 25
"
"1a0ccf91e171e208c011892271f213d0","Нет","85
, 35
"
"f637269f36a4783364afb7c11a3bc8d4","Да","90
"
"012228fccb3a2a6a1aa7cf16a434c542","Да","35
"
"c030b665e55b4ca24309229e4f023469","Нет","75
, 95
"
"c75bbed0fe2a7e369b858cf4070bd0e2","Да",""
"1ba23c930fc10bcc47fc55ac3d1ac1eb","Да","75
, 40
"
"df8cdd0c37f1e193ab6a051b16886583","Да","95
, 80
, 90
"
"8b2024fb6ef5ce02f665a5431fee9f12","Да",""
"e9f5374580fbb212afe24de2d492ca41","Да","75
"
"8260fd35a2b5d20b2b54c99d108d2704","Да","65
"
"59a40af0fb6484216041e6897684258a","Нет","65
, 50
"
"d51d27c68ab317ca4885752d6761fe47","Нет",""
"f5240fb2177091ede8d26547c330dfbd","Да","60
, 25
"
"5ae4f8159bf8eaa93f5ffbcc49ad1ba0","Да","25
"
"fc2079ae23693c67f5f982e23a9d6938","Да","105"
"b3fce4fa041f5ecbb9fda3e4a8ffcd4d","Да","60
, 85
"
"bf2162500d12c4896006eca77f1f8797","Нет","90
, 95
"
"ecb2003c49df2a85fedcb1460bb44990","Нет",""
"18d753f214921456f2730fe2f981744f","Нет","30
, 40
"
"f9fc7c8e92f1d93da2db8e0a6da72801","Да",""
"a0d13f23bab7bdfa793795e44f68ea21","Нет","65
"
"fffe3a3535932402a3df1104f14f5fd6","Нет","45
, 70
"
"67421340bcfb75d6896b8900e0f1b0f7","Да","90
"
"79e678dcfc408a13f691dbd08308caac","Нет","60
"
"5d984e68f9d514328d8b23127fb8e16c","Нет",""
"44a818c6ab122ad76e13f8e481a5dce9","Да",""
"1043492b70010238f69fba1198b00610","Да",""
"d1fef0afd0395fa61d9d10b5a650d249","Нет","90
, 95
, 50
"
"b41a9a250246e6c8e3dbf3d90dbd1d9b","Да","65
"
"505c6bbc760e1b5d8c7c7ecaafe0c6d3","Да","105, 55
"
"19acfc9b5144f739bc013f804155811c","Да","85
"
"f7b9861f67c9ee72b07a68484afebb4d","Да","40
"
"cb0647335040d1599f30aae19cac9ed3","Да","85
"
"90a625b6e16ea64e9acdeda2a40b1e5c","Да",""
"d23b22fbc71ee7d292304b8377ebf5f1","Да","80
"
"05d041aa95347f9d2b99264a04d4b7f3","Да",""
"80ecf4f5889ae540f749ea5a21b17310","Нет","65
"
"68686d6afdbab65a52859c1639f3b6ea","Нет","40
"
"585e201ee666a9e2a30d8c519b6494aa","Нет","105"
"93645c65a81603c9392e344ba708e117","Да","105, 50
"
"02fced2e47baf7fc31bdeaabc3b1da49","Нет","55
"
"56e5d17699b891aa2b3a45f188ba1623","Нет","90
, 40
, 85
"
"2abd0e35122ca09f2b656b0601e18519","Нет",""
"5646277a326628a1cacdf20c59d20640","Да","85
"
"8dd216070d7efc6daaeced43a9f70312","Нет",""
"d0714c8efb16a8529c024a2efd2fc392","Да","90
, 75
"
"a9d1a1daf2e3d4833124fc02b64429e5","Да","25
"
"d4174e463f24bcb54890d1e05e0081f6","Да","25
"
"784d3e642b118d66d136deb2b799e45c","Да","105, 95
, 45
"
"80051e3567d468f726897d35d373aa4a","Нет","40
, 75
"
"16683c660c74c0787868ca6eafc836a6","Да","75
"
"79c2f186f4974615068fc53cd9b390b6","Да","85
, 80
, 65
"
"a4337090cf18fce59a66c88d97cb8656","Да","50
, 85
, 65
"
"0dd32edacacce5ce1733b2af3bfdebde","Нет",""
"83ec16e4e3cfd186bc7c18b3f15f1e28","Да","90
"
"facdc8784bae9d6155869d6d30e3af6c","Да","60
"
"65eed3ff8e96a302e25930900bacf56e","Нет","25
, 65
, 105"
"3ea74c9314c81dcc29464556bf3790f7","Да","60
, 35
"
"e3a168d706b51eb9dc5e9cb24c6f1103","Да","85
, 60
"
"7f4826c2e450968cebf5763cc5409408","Нет","50
, 60
"
"6da60b3599417667cf070eaacdee0d55","Да","25
, 35
"
"c30734d2d2da368f7c2683847d6d17f7","Да","50
, 60
"
"06d8be1f216e4d2dda1dfd55889a2f52","Да","45
"
"16f6181c9b0afd3e8353bf93d3613779","Да","105, 80
"
"f14e5fe08fd6af6985e6f932e6e0728e","Нет","25
, 45
"
"5b08b8d1363a4a0d2b67cd140d10230d","Да","95
"
"f513dbd7124d171e52a9ce8305968f49","Да",""
"917aa3eda8a0d4ecbcfbe79349f6c4de","Нет","35
"
"dff69277a1cc7e1c3c0e7d43cf49be09","Да","40
, 95
, 105, 30
"
"885d8029eccdf7f9c8ee738eed3eaf76","Да","80
"
"fde0db9ef0fa23077775477f10cf0953","Нет","75
, 60
"
"733a1b01642c21417de547ef6791700b","Да",""
"9a92078f945837728ee00d9c9f2df160","Да","95
"
"c28c9c547060c737c3a0644e140ce9c8","Нет","60
"
"19847ec6cc724cf00ce34e0d7f4e585e","Да","85
"
"2f7240562220eb091e817b71bb1b2636","Нет","55
, 45
"
"dce1ebef263a5924a7593dcda2c25438","Нет",""
"9f5355a2c9c1f88faf6d19139d3e2bed","Да","35
, 25
"
"344ee723395dc9aa797e9a714b7dac60","Да",""
"5cc76c206684fe7947daa023dd754212","Нет",""
"9a02a5aa371ae4146d7d0c55f7520c4f","Нет","80
, 45
"
"08b716e898e60e1c84cddc1dfd489b34","Нет","95
, 25
, 90
"
"dc003e034e5f666b6a2f7fcbca47b23e","Да","60
"
"dca9c7d615ebc08d12cc5500ceb7da61","Да","25
"
"f48ccaf4148452c023126b3f0d3b6b71","Нет","35
"
"5ea734b34c7aa362490e99abaa50b605","Нет",""
"a52c874fd231fb5bd2120ce678cad92e","Нет","65
, 75
"
"462f20b7c6a23e9378c9bcabdc44795c","Да","90
, 45
"
"0a2c96c63daad655f8994d069e93d9cb","Нет","65
"
"cd1778c36168c0c04d01214de83de173","Нет","80
, 55
, 30
"
"62b51ca4cac0adc83710e69bd89efb24","Нет","90
"
"53ee4ad25efea58e4e0a7853b6715205","Да",""
"b7a9d9784bfa925ebdc3faee7a5e88e7","Нет","50
"
"947cb14d8d940f3b282110a46fa2c8cc","Да","105"
"e50f5d2618d4f60c87778e26d9f3965b","Нет","85
"
"d9dfc6a5501343de138e85f0440d1e56","Нет",""
"89538120cdf51d3b1217d15194f1186d","Да","85
, 70
"
"d6e9b417c71b7b39ccffce9ebc95f5f1","Да","50
"
"eccae11e481e92c6f82402d228b537b3","Да","50
, 35
"
"7d56c92509eb416dceb1a166467c4f4d","Нет","55
"
"861a997e9df946f45a54a1713526acad","Да","65
, 75
"
"ca6ef48c12d6924a4e6af1abd2b856ff","Нет","75
, 55
"
"ff2d64f9e5b80778dc3c074ac6eb8f0c","Да","55
"
"051822cce2a7efcfcc906fb94de9155f","Да","30
, 65
, 40
, 35
"
"216cc20f853051562d6d3a0f3a03de43","Да",""
"811a8cd1d7c84bc1051dde5aeafe7f1f","Нет","35
"
"af91985ceeba19c80954ae6d6472721c","Да","60
"
"01f2670f712c3d45c3636e8bc05d65be","Нет","25
"
"503028cf6c08c1d14f5ccb529c5154d3","Да",""
"91ef1250e52df5a2783709aae9c5061b","Да","45
, 95
"
"e5fa41caf70256e6374af0d3b0fd418e","Да",""
"4e5a287eb01690cc529f889886d392f6","Да","85
, 30
, 80
"
"9f60920459ef8c82b5846394e177d68f","Нет","90
, 80
"
"dd1799cd36d604bc07caa0c265aacde5","Нет",""
"a752e69bc0d59589e5bf35416d60b395","Да","50
"
"34768b74c9fba1af4195a3a5622f126c","Да","70
, 75
"
"ad33cf73f176feeb2dc7c4d129bd49e8","Да","40
, 35
, 30
"
"96bbba84714d23fe007957cd09964125","Нет","45
"
"db635654f236f5e4bd5a419a31b10c20","Да","35
"
"4f3e77c1baf8caf43babaeafd978bc1c","Да","75
"
"f7206abd5baee29bb1723ffe873bf23d","Нет","30
, 40
, 65
, 45
, 50
"
"f4bbdce8c92e9bf91f35998012340819","Да","85
"
"88b90aa21ff3cbb3d24f650d8e1a401c","Нет","45
, 60
"
"6e0fc1dc89a2671030c34151bea55dd1","Да","55
, 35
, 70
"
"ee4162e22f8f4324e08e1115e354d4ad","Нет",""
"4a819b54b061fe2c737142449562baaa","Да",""
"b746dce92c74dd828f129ec3cb0e56c2","Нет",""
"fcac499121fef4f823543bb2c75c96ba","Нет",""
"1f578ceebdccaae32d327a0b9fa0ac1d","Нет",""
"75ee859f6609b83b3b9222d58ab985e0","Да","40
, 50
, 60
, 45
, 105"
"82aae45444c5a69f712a273659a6a915","Да","50
, 90
, 55
"
"e4cb59879c98ce58b1b9dd47f9ecb04c","Да","85
, 105, 50
, 95
"
"bbb79e25c8e5bc1802ffedd7a83d8843","Да","75
"
"2e7cd1e7d4b701083aeca40fd493fd7d","Нет","45
"
"9dec4d6837f8b35280c77a1bfcbe5cb3","Да",""
"7a8f65687fdd97d7aba9b207b29f306a","Да","45
"
"abf69e681e32e1fc8063ceb03f1f722b","Да","70
, 25
, 50
"
"fffdf2fd658cbeccf72cec3d9d6ed51b","Да","70
"
"0f4d5345399a6d97db311d17430697e8","Да","75
, 80
"
"948d6fd3a9731662cf193538c74d03ae","Нет","60
, 50
"
"96d8dcb52f4815537260a16f1028ddaf","Да","65
, 80
"
"c5e008974d1ed66d14c4da69d66f3e93","Да",""
"a3405501f8fb8be235c8a592180007de","Нет",""
"4eeb5fa008dd871dbdda0571534f589d","Да","60
, 50
"
"affc7ca286fd35394ee452eac4214f45","Нет","40
"
"e79a37d733d9498f8a6aed2577c411d5","Нет","65
, 60
"
"0eba3a8122a0bbe38ded55cfc870ff22","Да","50
, 65
, 55
"
"45adf5e2c79e3f2abba8f759930d83a1","Да",""
"9c8444d746eb66d5ad0732f4ad5b932e","Нет",""
"161ccd78d8615779580d2eb71bc9a7a2","Да",""
"3f0c5c858ba5a5cc64b89b495303b036","Нет","45
"
"f296d049ee09bda80a4c2468adfe445b","Нет","85
"
"0062cfb6e814b6b78636f8d57af67060","Нет","85
, 45
, 95
"
"8645b42622913d141be1c23d4c027904","Да",""
"abb210158cffccb874c164932c6346f7","Да","65
"
"cc500cc29e1574a9389d499731dc412c","Нет","55
, 40
"
"b1039091e637f7cc45712451779b877d","Да","80
, 40
"
"a2a5ef2b1a69263fa725d1090de569b7","Да","70
"
"a121da43826cf87846ab61ef19e1427b","Нет","50
, 95
, 35
"
"75e83dd6bfc0b82be40cd1b67aedc43f","Да","45
, 85
, 80
"
"4d2b30c7ca86ab0d2a2b613aaafd8e18","Нет","25
, 90
"
"8b8531a273cba2a2c1ab5ad184c5e8df","Да","105, 90
, 50
"
"cdaf09dbddc10dab8709e0278c36cbac","Нет","35
"
"d7ee4b8bc4b8fa1923b5192fbdc16824","Нет","80
"
"ead9cd1a53605d6ff4692e47bc64c169","Да","90
, 65
"
"c2fed20d453ba07b0efb9bcd02568967","Нет","60
, 35
, 50
"
"c3602acce6ccd8b68e4c73df48d53993","Нет","95
, 45
, 85
"
"6fbc1b3759ec71155362703175cdae6d","Нет","85
, 50
"
"e8bf15ea3c026d3cc74c3e0d83f9239b","Да","30
, 55
"
"1c5ba3e25b9fa5de3d04363ed6dbcd63","Нет",""
"ee48850972c2833d53a53909e3eb0636","Да","70
"
"4b24c457573980b8997b4956adf3c026","Да","105, 85
, 35
"
"4fa8b489d84feb5944441184f387a3f4","Да","25
"
"4a2fb42fb8677809176c17771f16c521","Да","30
, 95
"
"92122b5bc289a57281581fcd89c9534f","Нет","75
"
"7ed1ce22f2696bc4373605ee4fd7e9a8","Да","80
"
"29acc52663e8ce0967e2061b5882243d","Нет","95
"
"b3a9ffe77a824486a036984469b75e7b","Да","55
"
"de677c68217575b0a6120c92cdb219d7","Нет",""
"74ef5485115c6253db4b7c83b1c641c8","Нет",""
"9d48ca6959e687f4f8076565ea202bb0","Да","70
, 60
"
"88abe91d1f208b5928761d6e51787284","Нет","75
, 35
"
"b2a2018edc657f8556a399baf77c0c04","Да",""
"5f97dee60c770651f2a73f654fd0a830","Да","60
, 70
"
"1050cc12442e2fd62bfcbd551b642e96","Да","55
"
"8a75b135c2325e5f661eb9656e510c8f","Нет",""
"d47948a445ed81361d4351f18f88b5a6","Нет","60
"
"ab4a329edb427c9906a8be81b9d534a5","Да",""
"da639d8beb2aa59d5135b4ce46bd450a","Нет","75
"
"e3624c890e815e9f1b5ffc3b384e28a9","Да","40
, 85
, 80
, 55
"
"844c13e2bbec7188a47abba2e084c4fd","Да",""
"c019235ab0e0e9c9288004faf1e1bfdc","Да","95
"
"ffe7ab3ad505c3afe0e29940d7b8d643","Да","35
, 50
, 25
, 90
"
"29693c67b843e498ea54062457c6f531","Да","60
, 95
, 75
"
"5e4e50c04f49bd0d7fe29cfdd4f5c521","Да","60
"
"49425d13d08419592a779de7f5c4bacc","Нет","85
, 50
"
"1dcea283a4346612514579287b9f2ead","Нет","25
, 75
"
"c1b2c77305b70532ac8de41da6cbb446","Да","25
, 50
, 30
, 65
, 70
"
"94a4e6fb168414c0d3a0cca4929f20d6","Нет","55
, 90
"
"b59d3b2c7eb2016aab02bf8c2b0beedc","Да","65
"
"9b77aed92251751c51d034e33cf3420e","Нет",""
"9c80502bcf3c6ba6aa3e9c7300623402","Да",""
"0950bcf5c99cd3b7ae7feee19a9f617f","Нет","70
, 85
, 35
"
"3f7c36c461fa2289e0fefa95a6f24cb5","Да","50
"
"20eeb290ce37148fab472b9a59179050","Да","95
"
"a22cb87f87f8d4421755488085948188","Да","75
, 65
"
"8718ea7541ba749b4398383c5418a4bf","Да","95
, 80
, 65
, 50
"
"2096dd24e1385c552b754b0cfcfb654b","Да","40
"
"bdd4c780c8d3a25be76c1da101b20b6a","Нет","85
, 80
, 55
"
"fb9118e1cc4b01e37fa856423449c54d","Да",""
"52b5e15affa053a63f49808e0daf4498","Нет",""
"e964da35abff1609adf57449cf8cff6d","Нет","45
"
"8e6f571c51aa0ca30fc03c6384bb70ac","Да","45
"
"2df606f4e861a96444329d05377e45f6","Нет","45
, 30
"
"4dde68f37517f14d2f7ffbbb0d266eef","Нет","30
, 95
, 50
, 85
"
"5e05a716da797f931b9e8f0e139b84f0","Да","85
, 70
"
"a624dee73295520315d4066bc1f16f28","Да",""
"c1ebcbb347f19d70750e6261f6cbef64","Нет",""
"01c766498bf1e45ef6b6d88122458ce5","Да","105"
"d1df65a8c6070f97cce97846942eff50","Да","25
"
"144d7c9a936e266e4281d541ec655004","Да",""
"7e58692607acb71efd4ec4383db9e4a2","Нет","105"
"a6af959e2099ea3ad7d16ad85c25dfa9","Нет","25
"
"4136c09ed5217541b128dc27cc88dba9","Нет","65
"
"5a093a0b059bcd5f77d0c578abbebdd5","Да",""
"c63a6b6682af3ccb796aeb95bfaf1419","Нет",""
"943b106bd7fcf242134cf8b58672a583","Да",""
"ca1dc43dde904720979d15d0b37b2466","Да","95
"
"bca1c852c62590379c70b321bd52dee3","Да","105, 55
, 80
"
"86ef9d20397774a49f72ab334f48c97f","Нет",""
"4125d1c46546b20e76f53a6b19071824","Нет","60
, 40
"
"30a19763dde160641afbae66bb52d257","Да","50
"
"097c734e9451634343ef525d39e132f4","Нет","60
, 70
"
"9892b34ef3080572c727dc40c61f8717","Нет","40
, 95
, 80
"
"00c65c29bafba031ad09c0bc27f6a80b","Да",""
"a37bc08fa5eb680c08cbf31aa1b40cba","Да","25
"
"ba9a910064edf62e273386bcc48f799e","Да","30
, 50
"
"364a1bca9de6e5f827b02972d99c614f","Нет","55
"
"f49fe97969d394afcb28fe81535aa8c4","Да","70
, 90
"
"73de3113ff629c7e9c5e1ecfcf7bd945","Да","45
"
"553a8087ab819510f61792d619e89da9","Нет","45
, 55
"
"1bb1493adaaabfc2c3b019ff6c1f141c","Да","45
, 40
"
"59b943d01285762fcc60ce70b68ce4ab","Да","80
, 45
"
"efe0929a400be94e5a917ae56162067d","Да","65
, 35
"
"111c23bb8ca5c4c688d1ce9412897856","Нет","60
"
"930a87d35c33b0196979c2c86326093a","Нет","30
, 60
, 35
"
"87922e2d0d15e1d51d7f506089bde320","Нет","90
"
"c12ac8ea4caf6266d509660dc62c2476","Нет","55
, 40
"
"dac3d74bd03b7d8bf6e3054d469dc257","Нет","80
"
"d33d2a10a5a94736090ffc1416603a50","Да","95
, 80
, 40
, 90
"
"85f18b2df7b611f76c55d1dd004414c6","Да","50
, 45
, 55
"
"3e57e8729682ad7db5c3d8769c964c7c","Нет","70
, 75
"
"7f7f60c0581ef03019900bd6eea1bcbe","Нет",""
"b984c8b7dd9d79b81799d466f8cc14cd","Да",""
"6bafe5d993f1ef2b0006e2b6629998b5","Нет","50
, 40
, 80
, 70
"
"f41b80702f7b299c8cf208f1285a2528","Да","35
, 65
"
"84aab3f7c9b6417c3381644db8e96c9b","Да","90
"
"c8e36c6acdb654baeb7373cad42d89cf","Да","65
, 60
"
"1f5c8a6f9d6298269de19e2406ec8988","Нет","80
, 70
, 75
"
"411fb0935798e26fb6a0a4b8a1a2d373","Да","105, 70
"
"9ba6125d7fe7a4534de9bb8cade0b844","Нет","45
"
"f6d1ce60f040853859c826dc6d4a72b4","Да","85
"
"e71acacbe457a0bdc1199e5b6eb35842","Да","50
, 40
, 70
, 85
"
"a849bd0a9c0441c7c35ba2b2a1eba30e","Нет","45
, 40
"
"9ef43d4ba88495b53158e2d022e6575d","Да",""
"b62b9d0d10dec1e15037efee26ad1712","Нет","105"
"e3a026437bc26db5df09576295dc3591","Нет","40
, 95
, 90
"
"6a53dcce8cdf81797df4fcb55d5a917c","Нет","30
, 75
"
"2527a259ca145ee4ee6782d292e00b51","Да",""
"af5fd0a39617ca1d7ab44027f1451f7a","Нет",""
"b5657e48e147edb19d73ad59b73fafbc","Нет","45
, 55
"
"0f349133ae38288a486726f330dbe610","Нет","80
, 55
"
"a9fde6899e0b7fc8e47ca314503561f7","Нет","80
"
"8d9710050545623a88cc604c53794c12","Нет",""
"8a9a1772ac5edb4d6805e1478541bb56","Да","35
, 85
"
"6a32d24899ff3d9798d2920e043c2add","Да","95
, 85
"
"f43e46611510f1a8a05135190f796eb0","Нет",""
"f5daae62ae3030be2e7f4c266c4755d5","Да",""
"5bc325d2a81c83f7d00ee32cf1eeb72d","Нет","80
"
"b5b8ca5ae7e20d1959ffc4aad48b0546","Да","55
, 25
"
"74d51f01834de35356c5c815971614be","Нет",""
"8a6174d761df2bbd57ef8e0382d78d5c","Нет",""
"ea90b934644b7fe77c8994309e381a9a","Да","85
, 75
"
"8c59812c43f2b30fe8c8bc15e85c81a0","Нет",""
"965c617fb1fee043c6590face31bbf11","Нет","70
"
"da69e1e016d44b3ec9643c11c9a9a229","Нет","90
"
"47db8571ced6d38c19f38f01788e0fc6","Да","45
"
"9cfbbe168c4630cc04fe1aeb90dbc15b","Да","75
"
"76d09e9405e56528ddb7639abec27fe5","Да","50
"
"127fbd382146539c5457336a0ee94c42","Нет",""
"26b4ebd21934f95d79a06b803d09a802","Нет","70
"
"4ab5f7a8947861670bb031f2056d5218","Да","105, 65
, 75
, 55
"
"e6fb4abdcca1beb15f6cb420457e4e34","Нет","70
, 60
"
"90964cc60e349d5641cbee4193e424bd","Да","35
, 80
, 75
"
"717ac7bf489b1172c2165a5187fe4a3d","Нет","50
"
"f7fd1d17f303855cf40639ed3cb8728d","Да","85
, 35
, 40
"
"4e1df1d91786491b048fc6888991fc14","Да","40
, 55
"
"f47737eed1281d09ec4b3637d6cc563f","Нет","25
"
"960597b5a7f0a18025214725e883c4a1","Да","105"
"1f405ae9fcdfda05dd43319933b501e7","Да","70
"
"dd4155b7a781e402aedb5851b5d5531f","Нет","95
"
"a7ceea18280cfa9cc4fb04f79c79035e","Да","55
"
"b51af3daff44edd94b262fc5d464f5ba","Да","50
"
"e9f11f6aab5ab575938e97ce5e3d68ef","Нет","30
, 90
"
"e004a85c2e9c6fe2acdcd0192239b851","Нет","40
"
"ead2e36443702036c1ccceb50b7e1789","Да","55
, 70
"
"5c218235e362150e9cba431e53d54a81","Нет","85
, 30
, 25
"
"9b5485f8197c281e4fd727fbc2c8aefa","Нет","95
, 70
, 45
, 25
"
"5404aa4d4569c5bf658c6ba38d6111d4","Да",""
"f812ec5ac9747cac8b96e457169746f5","Да",""
"c988e438ae430490a772be940f3cb15e","Да","45
"
"036a29f5f715a1b5179e63331c99725b","Нет",""
"235502632a77008afd88e596fea1935f","Нет",""
"f269f9539e1518fe0705fdbce762b723","Нет",""
"3016b93c2596bf572d511aba5f6fb283","Да","25
, 70
"
"598ce51b2071202621e85890afed0157","Да","60
"
"1226e2be8202d668ba03c966beccef4c","Нет","105, 90
"
"354b0d3a8a08d4f0854870ce6ffdf4a8","Да","105, 25
"
"55ded77b0b7fe33e38173578720fe4dc","Да","75
"
"f8d968442023951ba3736712dd081f9b","Нет",""
"f3ac494212445e17cc20bf75abb6581f","Да","45
, 60
, 95
"
"2579bde94a7f70c45116c3ff9e6b088a","Да",""
"f9341b14f72cc1a7f32f2f1d6c45e3fe","Да",""
"796029390b3efbc1f754bdae2a1f7d2c","Да","85
, 40
"
"a3a2581e77087364f8e58d4ec8cc9bd1","Нет","60
, 50
, 105"
"b6a3a433d1c0fb10d46b9b362b4b2fb8","Нет","80
"
"99a49b9d59a0ef2fa5baee3b1d0df908","Нет","35
, 85
, 95
, 80
"
"b661b740786f922461954b9104cf7292","Да","80
, 75
, 85
"
"4a2bcf16f1b6b385ad360e471c257857","Нет","40
, 60
"
"1c084fd0b0d42f4e681acc9e4d5b503b","Да","25
"
"6f09fda041db11844a6dcb9d8dc5e6ba","Да","30
, 85
, 50
"
"992bbcf50b228c648782049e792f7029","Да","65
, 55
"
"ebd717a27e0d546ceaf81f417c132820","Нет","55
"
"1151ac73bf6578e59f3e77194953dbf4","Да","35
, 70
"
"530d916210f6ab628be788e50593b2f6","Нет",""
"e436f2928204e768e75fd261ce1c94da","Нет","45
, 95
"
"c2b1a30469b6707d9cb7a975dbc114e0","Нет","75
"
"2fa43fce662baa9e6731cd83d19aad36","Нет","75
, 50
"
"168e9bbe963c797c917823f5173e3703","Да",""
"56a2b641e80084781ceba139185d96c1","Да","90
"
"d6db24fbe2c4daec42a8db8b048d73e2","Да","95
, 90
"
"e1d6659b4551d67dd53786ec915c0858","Да","90
, 60
, 55
"
"f2588549c8a016b46ec0a54c4a07ffe3","Да","45
"
"5971d8a676ad279aadb3167deaed6702","Да","90
"
"7cdc706ffe7af7da0dcd21d7f27dc7e0","Да",""
"7c56826ac0dd4f0734e10a228d6048fe","Нет",""
"00fff23e666a4bfe6a384f7b7be787ea","Нет","90
"
"a738051da61b19f6f3e4b420816f76eb","Нет","40
"
"620704e2ae09973bf70998bb433f78ce","Да","55
"
"828529de908804255361c686285a3106","Да","55
"
"1e8e587d7503ee8d76cd1f365b654303","Да","25
"
"dffbea25980394361ac17a039a718009","Нет","105, 90
"
"c1eb1f99a2771edb6a5084ae6f926fac","Нет","90
, 30
"
"9403d67ef5d97f9fb7647c18b22c2777","Нет","25
"
"2532f19d8ec3ba187ea01a0536d438a6","Да",""
"b15773079663c61cb7620e2b5f2de637","Нет","40
, 30
, 75
"
"fccb4e4b0832c3668671f50f5518d38d","Нет","50
, 60
, 25
, 65
, 70
, 95
, 55
"
"dbcfb2ffcf5db9fbf7d4adbe7d21b661","Да",""
"06ec408515791591d3810ac768295f87","Нет",""
"fba3f683e4e51829d2e53670f203e1c9","Нет","85
"
"1f4f41db13ed4e0b785057d83cdb80ea","Нет","70
"
"ea5fe35f4207eef220ecad6296a2938c","Нет","55
, 60
"
"3fa4c4641872318ff10c6f704e813b30","Да","25
, 50
, 105"
"0863f05aea54704bac75cd08934944fe","Нет",""
"d5976148b760408d0f99f3fdbdb7e187","Да","70
"
"ccea06db6b884891df75cd9983b841c8","Да","75
, 25
"
"37c15e7cf23542d9ffbba89f831c83a9","Нет",""
"039389ee45bb085a86112a1b7b2a4bd9","Нет","35
, 95
"
"f541fec77ba0efa410fe829ceeeb741c","Да","95
, 40
"
"b19fe4ac74f76c49ae45eded25f33aca","Нет",""
"27a3a0ec4e500c31a507ade9dbe0d93e","Да","90
, 85
"
"391db086e012e266c0921f715ef665fe","Да","25
, 85
, 35
, 70
, 60
, 55
"
"c12cbf288885b74ebf543b6e621629ae","Да","65
, 70
"
"b1ab81b035833d165e3f12efe18d946b","Да","90
, 70
"
"fa3e0268a1dd77e928566d53ef6e08ae","Да","50
, 35
"
"463de364fe8b6837a2e988b65928b316","Нет","35
, 50
, 75
"
"6a74039c377b6757447fc1b67ffe2b3d","Нет","50
"
"b65920ce886ac060861ababbb9291a2e","Нет","55
, 95
"
"13ad5a1dac0a6c3d618b6f3604dc209a","Да","90
"
"e2151db16f3a1524f78f810aa8f89615","Да","70
"
"376a76301037e0dc064aff9eb61aa297","Нет",""
"e09d01c823ddadc7bf0a8e53c4e03846","Нет","50
, 105, 70
"
"3a8f36ac210c70121286befe84632423","Нет","35
"
"87a1d9e11a8ab3334fc8a73e6bc5a180","Нет","50
"
"1f581cc8d56013bf4a800c749f983443","Нет","50
, 65
"
"76a17fdaba48b98af9804ad496854564","Нет","40
, 45
"
"0d011536a6a3c79a8bfa86fd6abd2664","Нет","105"
"47f18aecc6cac0f3f85d11b2dc585909","Нет","85
, 60
"
"cb0d2c6c263620bcb8231125ad290739","Да","95
, 65
"
"140bdc8e69005b92057403cada1da259","Нет","45
, 75
"
"56a80617a5523e9c4c618fb9a6652ed5","Нет",""
"d561fa8efac328fb5f7fb696b4d08719","Да",""
"563e3c9dfa2f92ccb95384f5e85a2401","Да","105"
"0fd0e7aad401987b3987d521738b07f6","Нет","90
"
"0d3f651aae2320481aa9f6e7aa40cfdc","Нет","75
, 85
"
"41ace7a9764644e831e791c4490d57ab","Да","50
, 95
"
"645a094db1b4e4b21329879472e5793b","Да","40
, 90
"
"69ed9d15ed266bb3f1366cc6dca07783","Нет","50
, 105"
"50d4cbbe85ea94c7330e33eddd29f927","Да","45
, 50
"
"ec9574310d9852f4a740a9ab97cdefcc","Нет","65
, 50
, 80
"
"26908640d9a3a1baab766401abfab90e","Нет","45
"
"66c9e57abea5c9543f17e203df0d7409","Да","65
, 90
"
"0ccdee551d8bb6454feebad16c9f764a","Да","90
"
"bdfb72f2d079f7a9deb2b0ff283c28b3","Да",""
"fe0a67d1c0c17758c2dd5ba56e9db113","Нет","25
, 65
"
"8878678879eb820d0ba3fb65d9399392","Нет","75
"
"359b8aa0a74c7cab5303adad500de473","Нет","105, 60
"
"77c97f8b592906b86bcac884d8ffc653","Да","35
"
"1002af75e1dd4a60d0b25c6b0c91350a","Да",""
"74af1ea0ead526fb63956e768c4cc87d","Нет","90
"
"f36412b1528e2d189d04f241429bdb46","Нет","65
, 80
, 95
"
"1999db8cf15d6559860aec115e9d39a8","Нет","70
, 30
"
"2db7414f31362994e8929d0a57ae7d53","Нет","60
"
"41ac068e0f4be8139d26163f9a7b6f32","Нет","55
"
"593fa012e2d9d7e9b852c49f8d0a16cd","Да",""
"d6ed9453d4537de6185522172491b245","Да","95
"
"bcfcdc30eeb3b77962ffad9eec06de83","Нет","55
"
"5a3eeb55e4e8d4fbe042124d5da6d078","Да","35
"
"07d3b844788302fd409329ff50671c78","Да",""
"08ff1d21ac92a7058937741241d9d256","Нет","105, 45
, 75
"
"692c74f43673e41ff634b33fea51777b","Нет","70
, 25
"
"1fb964912f16d293e780adc9dba7785f","Нет","65
, 40
"
"76a0d6bf4e93c905d7caf9ce8d4c574e","Нет","45
, 65
"
"1c8ad9a43cacaa4f6690114d771e74b1","Да","55
"
"29e060e4497d1c8ec9cb201a3ee265b0","Нет","70
"
"9245fdc8ba41d81a27f083ed631ae239","Да","55
, 95
, 45
"
"6994e161854ee3a8841ba06290e39a3a","Нет","50
"
"725732ddc489b0a5a03fb3f0181523ed","Да","60
, 105"
"58cf6f9103bd5a6d879855769387c3fa","Да","80
, 50
, 35
"
"f9db3d61f4029a6660f48fb14b683e77","Нет","90
, 30
, 85
"
"583bb939e8ea81db39e15fb31d40fbc4","Да","40
"
"fc4979a1b83ed4abfa4940092d8e729b","Нет","105"
"11953498b8ffb352dc8877fef6cf239b","Да","65
, 80
"
"357f89f3e66dbd62515fe6fcab95d14a","Нет","95
, 25
"
"d4f27ab73a80a64a9389637419850fed","Нет","25
"
"e72499c798655d1147d3ced3067a836d","Нет","25
"
"be9babde7f788bf0b4829b85d3f042b4","Да",""
"34fadbe9e58117b8653987b21bfbe76d","Да","50
"
"1620cee3d382d0b3dedf882ee91f0327","Нет",""
"2e689e6d1c733127516b836381818fd9","Да","45
, 30
"
"cf46a69e487b5fe712424807bf071d77","Да","40
"
"6af01b161ef53165198fa1e3df558ee2","Да","105, 95
"
"b99360fb4561c7f24c2c7796b218ed8d","Да","30
"
"303678ca4b9baafd8ccfc4218cbada73","Нет","50
, 95
"
"a48723db47a60cb784aa9d1d1c0fdfdb","Нет",""
"330351359b676dbe8641163801612cf4","Да","80
"
"cd4e96d66e7a2117826664274d08c79f","Да","105, 45
"
"86569add026b27e5dda1fe75343f3230","Да","40
, 65
"
"67239abbd481569b26c2c8b3ebadd9ed","Да","65
"
"69e566655cdb6e44c7e35dbf31d456be","Нет","75
, 65
"
"1769401c7c6951f2fe2453f358a03dbd","Нет","80
"
"509ef1891cc094ee201e9968a5bf84b4","Нет","60
"
"5bd9fd80f0dbc0afb1c8f033d192558e","Да","105, 95
"
"c7cec57e3da4e052e764827bc109bf27","Нет","95
"
"71dbf4f0ca4ebdee282fdf4c29544877","Нет",""
"381e2b4cfbb5d93b47050e49782a8341","Да",""
"368c6d6e9e4ed8ac57046fe43a8dcf42","Да","75
, 105"
"7493b3041c26051192b081d831533ec5","Нет",""
"2b7144fbdbab0c1efbec1b03a499dfc7","Да","55
"
"025a5eb16c080659cd7a2acc7a3e62d2","Да","45
"
"a1eb2a9b360485772e2a483b6dfec2f9","Нет","85
, 70
"
"9df25a5142209fbf0c92acd3f56d1383","Да",""
"59dcb9973b8cea67940ba5b6d117fc7c","Да","70
"
"668119626e630d6c6f1254200adb491a","Нет","30
"
"1e80f3e2d04096926135e43069d3b88f","Нет","75
, 40
"
"10d1b1661a2ef5761d11fb6bb44e26f6","Да","85
, 65
, 70
, 25
"
"bbd07cb973d9f979d12950e750d530a9","Да","85
"
"358c977842e3707f3d25455b59d0e224","Нет","95
"
"870fcbe6bf70e84ace13519f907a4313","Да",""
"3fec29097c84303a38cb653002c58e4d","Да",""
"f396b78c71654f64940728ee5e372ead","Нет","80
, 25
"
"08dbab81c8cb187e09b4e1f61fb30e2c","Да","55
, 80
"
"6987280c34a85900ff7eb48d3d8e2971","Да",""
"cf65b2da6d8258539b4fccc829363745","Да","35
, 55
, 80
"
"701791b149374217f37678a9eaa81188","Да",""
"4226955ae48d6d3cf5439ef5fea77996","Да","80
"
"8cb55389f2d6fcda9d952b7906a4d8fb","Нет",""
"baa230bf1f7081ef616b0a28f23b7495","Нет","60
"
"0aec70506fb9127e0aa8a6efe6f958ea","Да",""
"3036b25d80b6a2ad509a631b63bbcf9e","Да","30
"
"82be501341237352a8d65c63ae295337","Да","25
"
"db1d5ab9a619ec3b96ba538d4a50c337","Да","75
"
"a7c3681e372ad1ef55dd2992bf32f364","Да",""
"d217c7255b218111bdd7b289272c0cde","Нет","55
, 75
"
"ccdb158f0dbab76c73fa761c3376a2ed","Да","35
"
"99d2565a3488f92e0e3f120f7d5460f9","Да","60
, 55
"
"55884a31e34274850d8ebb505b36b381","Да","55
, 75
, 70
, 95
"
"ac68ee6306aa430d0933669b385e814c","Нет","30
, 90
"
"629ce9afe0f11f71515a4c4b86087adb","Да","80
"
"674ebb8f1d62f791c9887c3d6c5080a2","Нет","60
"
"a93ba9996b32be588b03898191da42e6","Да","40
, 60
"
"7dd192348583afc0649efb04cad03353","Да","60
, 80
, 65
"
"a337ea3b0f69e8a93ce6d74fdad67380","Нет","85
, 70
"
"3022f72c700a67ef6fd8a73b16138be2","Да","85
"
"4ee74a9a5c6ebcace7897b19313e8f30","Да","35
, 80
"
"f261acf1838baf43775bd1ec8d4e6d9f","Нет","70
, 65
, 25
, 105, 55
"
"1aaeadac8b324c39b22c07bcbd6f2320","Да","45
, 80
"
"fed06abae7cdf31d125b10e6642bab6e","Да",""
"69d38786cc902d4a85ec35e916e0b82b","Нет","85
"
"5eb99ebe12c81e4c45112ef141a5b14a","Да",""
"e1e176f8841ce3410c652c7e6ebe3cef","Нет",""
"64b2de6225cf8c5dcc241b094908cc4f","Нет","65
, 85
"
"cf00d07a86099dc5264c8e3f90b0ef5a","Нет",""
"cb3a0cd367b77ba39b404b0b1f589d02","Нет","95
, 40
, 50
"
"86ffa3c81b54cc0fc4ec11c2992993b0","Да","45
"
"3dbe04d3a2225c508aa997049105be41","Нет","70
, 75
"
"118a9144dcde24b0df8bbde146722810","Да","35
, 60
"
"4d52fe3c4b20e45275773185c2fa93c1","Нет",""
"44aea95e386c76b1070e5a5edc1bb2bb","Нет",""
"4040b76d17ebe7f3ab6e6c5a8f60a7de","Да","25
"
"57aff1e2567d0fc368ae1df6c3ff5da1","Нет","50
, 85
, 90
"
"9724b920c16fb55b67699181102b46da","Да",""
"12f6785f8ebce9564d1dc21afd454160","Нет","95
"
"475ed20e1d64579f512f2aad1f3d7e90","Нет","30
"
"b370e0d2fefd10f13c65d670e5476828","Нет",""
"c60aa3e9dcd7bc96f61cfeadb14ca4d2","Нет","90
, 55
"
"50ae83f8653721887a35c7e4da0d446f","Нет","75
, 65
"
"238f7ee9245fc0e85bb6995ebff8b430","Нет",""
"c03cf615dabc7362f253b8b9fbfbb9a2","Нет","60
"
"ada58bca8ebb1667edc391dbfe15f9f0","Да","105"
"dcd98314ca1825a8564d2603da26b56a","Нет","30
, 85
, 25
, 50
"
"53c953766f889a887fc42812bc7b2e0c","Да","35
"
"03a9ff1902b1e1e4d1318c5d566a9191","Нет","55
, 40
"
"a57e9c36bc1ec44f3ac19fac7424b6fe","Да","60
, 55
, 70
, 65
"
"bebaa1e06e25471366dc31f11c0e4745","Нет","60
"
"f99b594fce1f0163411fc4f9a2d6ef18","Нет","25
"
"b4ad163d56c7124df367aa980d2b8bbc","Да","70
"
"2424d5457e7934bd8be88fe5847472fc","Нет","50
"
"b757dbf656df1e1350bbcc5be2dc3c79","Да",""
"e85027cc341a4f23f4917df57aafdb87","Нет","50
, 55
, 35
"
"46140699120b3a9f616b9b9535ee81ef","Да","50
"
"3e92fad9be9b2340a62d1a2e68063a82","Нет","60
, 25
, 90
"
"aa7af4442498c30386d0f0910782f8c9","Да","50
"
"6c195fccbb80077b0a8988fc7a06980a","Нет",""
"77933136fc15a4e083f2ab613906583f","Нет","40
, 25
, 85
"
"13581dca79345e3e5d9aab6d36aa3cc2","Нет","95
"
"9c8f125026ef78c815d9b063da7b92ab","Нет","95
"
"16ca7b66c0b4af48f470d31e34c60b29","Нет","95
"
"64746bd1ad17196f53b518d3ced5fac8","Да","70
, 95
"
"ee797c81eb58759462377a3a0380db33","Да","40
"
"94af1486fbe53244405168177dd674e8","Да",""
"bfe6c67f58e9365f5617e701e043ec61","Нет","70
"
"70087f203696a8f2971d16302f90ab8d","Да","75
, 45
, 65
"
"8c1fb18bfa2a7f3c5120f1342bbc1abb","Нет","50
"
"7fa6914a4c1ee9b3bab82ba135fe2d41","Нет","50
"
"e6f6a9c4dc7813af75c3a1e055cecbcc","Да","35
, 25
, 90
"
"340ad35467e61c5a34af50373f531e98","Нет","25
"
"2beb5a29f27b6ed4b822c0b9ae9cd53b","Да","25
"
"076dca7524adc7bdd7cb6564f2e5fad9","Нет","65
, 25
, 90
, 95
"
"082f95194d2ec5f751e61c552bfbd5cc","Нет","85
"
"b2ab45c0c9a8cb050a7ae18f1946f1ac","Нет","55
, 45
, 95
"
"37edfc60a41315675a9e9f0b700c6bc0","Нет","105"
"9082c545d2d4358bd2afcc64bdb9d518","Нет","90
, 45
"
"396e6782a808f4b507c88e6e206ddf3c","Да","50
, 105"
"bbc0c87ba0d2e690d7af013e43a4880f","Нет","70
, 50
, 90
"
"1efe08866a3554a7d3e4323975756cea","Да","40
"
"fe6525cb2e752119479953c2e7dca68f","Нет","55
, 90
, 60
"
"7630f1fee4daf24e332abf3a0a851518","Да","65
, 25
, 80
"
"99075484db123c29e76d9180b8f37104","Да","55
, 60
"
"5d4b6d57c5e8a3b5102dfa29193d8b38","Да","70
"
"31da98cb3f33c5752d60aab5b9c2dd7c","Да","65
"
"6ee755e0933bd72f4a883fc18f961cdc","Да",""
"c0f8f0956f8099540deebc16bba586ab","Да","105, 95
, 35
"
"f63b77b23741f929055f4c7c6eb6a391","Да","70
"
"20b26246746ecdbd6d344b7432ec970e","Нет","35
"
"c09f3c6140f6b1c5dda8fa65c9f2ac7f","Да","60
, 85
, 65
"
"e775a5b03dcab6234d4c7696f1794d76","Нет","55
, 75
"
"5bbd3b7bc535b2a3ca625e0de099afc8","Да","80
, 55
"
"b2a87dfbb29917be2d0ecbaefc5648b4","Да","75
, 95
"
"04ea1694675f982d03cd495fcaa2b40d","Да","55
"
"4ad9ad9143baa3f586b88d3655bfd094","Да",""
"bfaf9be763523ecc3b63e6c5da71fd6d","Да","70
, 25
, 55
"
"42fd8ceeb2c7e3ce02f210ea2e5e94cb","Нет","45
"
"c6d0439fe9cc0b8327bfbfbf13b03f76","Да","25
, 105, 55
"
"bf555f0659bed4853165085301ee473f","Да",""
"7fae30041c1ce62253e75f08d8bb27cc","Да","50
, 30
"
"d8fd19458d6f2467d3aa8ec7f5de0e55","Нет","85
"
"ceba339502abd1305282108ff36fd260","Да",""
"f13baca0b0a5983c121c866b9532dd6e","Да","40
"
"f3d483830f9802a70464725f9a328391","Нет","30
, 70
"
"fa99508a812a220ccae01e2659670062","Да",""
"40baa14779764fff74d209cac277f372","Да","40
"
"e87c994cffd23474474399e5ebe2b988","Да","45
"
"aafc6387dcee9a17534891ceeed81b39","Да","85
"
"03df2bf42117aa7b9889ca9a261401b2","Нет","70
, 55
"
"8a237a68504b4efadc92ec8b38ed4954","Нет","40
"
"b965029ffecee23cb01051a1ab359546","Да","35
"
"3c258681e7d1982720582536d2b1dd1a","Нет","85
"
"39c9d3dee7a377262f4bb4ffdf75f71e","Да","75
, 65
"
"5faa3776d25791f8c963a97dc273b019","Нет","85
, 95
"
"fed92c1e7edc42cff2c8ebebe7c94c24","Да","25
"
"a906d174461baaea4e444d2275a0b8b6","Да","35
, 85
"
"d0b4689ff18c1b1a93d8155db4fc4514","Да",""
"0d6fa0ae386f25cd4c55252318b6dfb4","Нет","45
"
"d36d99183b2b2fb2521ec639ff791c37","Нет","90
, 25
, 105"
"f115fad44585845df6c167c71f6648d8","Нет","105"
"0fe933d3d6f736cce98962a4e1a46a31","Да","30
"
"acd68c99b3a49ed638393fd370f5636c","Нет","25
"
"3f0f2c34ca4d39459be42221b63559c1","Нет","65
"
"02cd0b29ca56e9ac0f261a9826ff3fe6","Да","30
, 105"
"967bd83c1538cd6808df0d8366275ba0","Нет",""
"e564e093a5a27492b222f96311943c77","Да","80
, 85
, 35
"
"91baae867207443082ab0a228fad1ffa","Нет","30
, 80
"
"10e74f38fc782067ed9c0c0a5041e247","Да","50
, 85
, 70
"
"ce3bb3aa718216f4e3d1fc7ba0d49755","Да","70
, 105"
"e55b9bd8c4df1ce71b5d1b06d35166f5","Да","80
"
"135af27acf5c55eb5b6c0011dac9a6cb","Да","30
, 70
"
"3493b7adebf503dc8260958017adf741","Да","90
, 85
"
"2d0eca2dddbdc39794623fa416a0d1dd","Нет",""
"e8a693675ae29e405acaf28a5c6c405b","Нет","70
"
"96deca7db1b71e9b1b32af3e79b4cb3a","Да","50
, 70
, 45
, 105"
"313f7938f7e3f38bba00103f44fd8b37","Да",""
"228e84e69ad1f0b8ba711d7cfbda561c","Да","90
, 30
"
"d0d40a4f9f4c1bf844cd3378882857f7","Нет",""
"2d07081458311eb15457fd6b0917fc6f","Нет","50
, 60
"
"0df141fb004a5268d446bdb7cf5258c5","Нет",""
"d42029110269061e1e4f9ff0ade6ca3c","Нет","45
, 60
, 40
"
"6030334de3c12aafc55d869a4d911b16","Да",""
"d286cd8d333a0db6f75b40f1efbfd067","Да","80
"
"a6839dc2b63dc70f42e83d01112bca9f","Да","105, 30
"
"5a6c7cc76f53f62dc34def4b81763e14","Да","25
"
"d9b6f2eb3d2eef24a5a09c22e6fb4d29","Нет",""
"a9af901f367810ff1c0d2fe6fcedb2bb","Да","45
, 90
, 65
"
"08f702e8292be8802d986ebd1553562b","Нет","70
"
"b14ec4246e4bbc233e62034d4c7c4145","Да","95
, 40
, 55
"
"a6494211e3259bea8484a2f1807c6fd4","Да","60
"
"fbe5d4f5c4427e4902d3bcca7cb4ddcb","Нет","25
"
"d37161bb3301a8896c99ecf62f62ba03","Нет","95
, 75
, 40
, 35
"
"01e994b686e039fb90cf6917213cac65","Да",""
"aa0dc0e31b41664010717a0c19e0ad5f","Да","105, 80
"
"f068bcc33fab1dce9330d6831986b963","Нет","70
, 40
"
"a26c8bd9829ed162c674d4a1ad68f87e","Да",""
"3729c4a6bf506e8c8a1dea04dbf91fea","Да","30
, 75
"
"41bb3572ee73116a47486727c888ec8c","Да","85
, 60
"
"b6452758bdfce402a70995554150a965","Да","25
, 95
, 60
"
"34e51401a776be92868282247077c183","Нет","85
"
"64c4d27687499d1e3209f41bb3a3c80a","Да","75
, 80
, 30
"
"4833c2e936c25ad86ceef58666c48b69","Да","80
, 35
, 65
, 45
"
"b328107696251f04bc6375b5c7489313","Нет","65
, 35
"
"8c30cdd6e2c68656b1fd8a34c712e482","Да","65
"
"27254629d02715e8d0fcd51a523ab800","Да","85
, 30
, 65
"
"1024e478940fd95e26035fe6b4d72726","Нет","35
"
"e416df08a9b0aa96f29513dbeef1b052","Нет",""
"41b80fd9e2c53e419e587ca5cb382c20","Нет",""
"b1324c51c95b1e452e25aec44e3d6603","Да",""
"6ae6f6b2a70aa09301f307270c28b8fe","Нет","95
"
"788aece33444fae3ce7c56f4ad2d57a8","Да","45
, 60
"
"ea25fb2bb7543da1f9e65f7cb34523b8","Да","75
, 95
"
"7239a793b911a7eb0f731deaa84b204c","Да","50
"
"35ae1d84fd895134107fab0438482ff2","Нет",""
"920b4486db4e7b0706f471b5f8db12f0","Да","60
, 35
, 80
"
"e59ac0bb118aeef28e08cca95d7b32d5","Нет","60
"
"fa1b51b2c74ed1188adeb5ef4de5702f","Нет","60
, 55
, 70
"
"146a89c9666cb70b071b6422276dd482","Нет","45
, 75
, 40
"
"d5c3638a6dbc05a6d6166c82c6b68eb1","Нет","30
, 60
"
"1aca9d74f8c35756fbd7d8ca3681647c","Да","40
, 50
, 45
, 65
"
"c48a1e5f3dc4dc93a947fea75355930a","Да","70
"
"0f1e42c4c7e3b03ced7b4eced4bb1994","Да","95
"
"bab116d4cb7eaf7762058ec1273eed02","Да","60
, 105, 45
"
"213a656ddced64a39d339fd1b06b8db4","Да","25
"
"6b104a7544daa3cbfccaa02a54b9bd8b","Нет","45
, 65
"
"719f5c47ca946324f4503e90030751be","Да","90
, 35
"
"1f3ac46c491613448ebc1a6e24aeb800","Нет",""
"5d85eec9b72fc89ca5999f543bb2e2ac","Да","60
"
"5a7097d7820cfcf444f731a9787e8c99","Нет","35
, 45
"
"71c815aec745d283538bb945361eda72","Нет",""
"007bef1cbed4e7226bf79174e7d27ab7","Нет","80
"
"5896470e9d0ed9d9c4fb6e2f5337434c","Нет","55
, 85
, 70
"
"df754bbb32eee7b482683c8ec8e13713","Да","65
, 25
"
"b5f7ce085a9ce4b07d6a2c55cf498fe5","Да","70
, 50
, 55
"
"8beedcee62cdea1f2a210a8834e23d59","Нет",""
"f676d80b96a9f783ddf7e3457cf3bebd","Нет","95
"
"aa6f5df4cf8a352e3bba2f4bc70e075c","Нет","75
, 55
, 40
, 30
"
"e2320d3b379cfe262138d2ba0f2ae980","Да","90
"
"bafc5691a5db9ace1b3f0eda4240e7db","Да","70
"
"bcbff02c302030300bedb05ec956ee4e","Да",""
"17a806a27ecd814bf3a3e8ce88dd4a67","Да","70
, 75
"
"57c6b7b0b14e3ec6dd4b9dd168879aa6","Да","95
, 65
, 70
"
"a26e8d7c5ddf8933c9d60ffaca35cfa5","Да","85
, 105"
"5fa151f460480644beb198c5fe7a50db","Нет","80
"
"312dfc832ac88ebe0f55ea85aa6e933b","Нет","25
, 70
"
"7bff4de888eb44d1f4960cc19f259558","Нет","50
, 70
, 45
, 40
"
"6331b0df51bb451141553c029ad5fa4a","Нет","25
, 85
"
"8727f71b33b64c992835348e240e8e4c","Да","75
, 65
, 105"
"6ff82c15ee51ab110d0d7ea5f1426d5c","Нет",""
"f1b272700e106440913672b771c9fd55","Да","35
, 90
"
"412c3ef7ba7b15452d62f594560f8f0d","Да","80
, 105"
"b5e741457d7b93e766952c1119c5d2b1","Да","30
"
"7d2beee8d90fff4f97c3a3ebaafe453e","Да",""
"eb95094b619dcd72ab37a7ff99ee90d0","Нет","95
"
"51d9e29eb388762ada76b5b4bfadec8f","Нет","105"
"b4dc5cda773696aa81633ca4781418f2","Да",""
"d69a21f088e676132115c05ef27ae7e5","Нет","90
"
"9eee8d5fe3d44cf5f9224618b2e43a4e","Нет","45
, 25
"
"0b2732fa29d2ca448f9f142eb5c5e145","Нет","90
"
"7d3134c1e61d3f48248fd961d3d6ef49","Да","75
, 105, 40
"
"65ca631f52d4397e1b927a712a74f127","Да","95
"
"731ae57bed9e47d9b96f9e04f8b13923","Да","35
, 70
"
"cc32e7819586921babe440508f603a64","Да","40
, 50
"
"2b0f8a6f338d9aad4fb6ad556a566429","Да",""
"2c25188e920a52b95b5289fca5f0bca9","Нет",""
"c56c74e70bbd7526fbe76972b71a9945","Нет","60
"
"e430dd411304158e55a4c94c0ad8b528","Да","45
, 55
"
"216f58d3c8dc8551c464c3ec9e4ef0e1","Нет","90
, 30
, 55
, 65
, 50
"
"c514eeb4834f5edfb7adf5b088837259","Нет",""
"1d024d9f5a8680820ee18a47410a332d","Да","65
, 50
"
"5db0b543927b55cba1950f11388381c4","Да","25
"
"962e5e5e2ce7b6d4ff43b8043de8d714","Нет","105, 40
, 75
, 95
"
"fb0792ac9a3aa91d9353437d54b9626d","Нет",""
"03ef6176bb5ec658bd0f30997b4b69cd","Да","90
, 65
, 85
, 55
"
"086c53e5b9683d4d133c5ea2692727f6","Нет",""
"e38c724d0e273d8b053f89841b93004c","Да","35
, 85
, 55
"
"d47b1e6ad5301eb54e7497751ea902cb","Да","40
, 35
"
"b696758ca4625c2707bec567a019ab06","Нет","25
, 70
, 55
, 35
"
"2b9e0ddb2b68d33aa595aa57e68b25be","Нет",""
"770e30d405bd305da695ebc8eef6a2cd","Да","50
, 95
, 30
"
"e5b4032753ea1c72024f5c7df4a174d6","Да","25
, 60
"
"654008689a5d538d9defe2b4e0148b58","Нет","85
, 30
"
"00543725797a300c2d558869df2e47e5","Да","50
, 40
"
"1915d9770c8e0b8dec6676876021dcdc","Да","50
"
"a8b14fd16f1baa5b1bfc001f2a2c321d","Нет","60
, 40
, 65
"
"d8ca411bc9ff6aa23925775306681bc2","Нет","50
, 85
"
"3a143992324ee3912b2a5d94bb3724c3","Да","90
"
"7f925e134f9470d4465f23941622f699","Да","85
"
"3104973fd41f79887bce2e5c734fdadb","Да",""
"a7f53b8f8caab82ee651c3925eb6a7e5","Да",""
"748a3460f2c033aedd4b9c6cf3026a32","Да","65
, 85
"
"2f32154bef4953d7d2b908dc16b072dc","Да",""
"1fd528dca8d5a110e84ce71f6d171f49","Да","75
"
"561d5555245ce92c0fcdfd59e289a8a2","Да","80
"
"8f80b17cde44e4b4474b11f0f60f8092","Нет",""
"d3cc17fef72f7850422175a9166a14ff","Да","40
, 75
"
"eb4b031ee13b6e5e5d158a2a991eccf2","Да","65
, 55
, 40
"
"f6d262f6282ece97c5da095f2f17a390","Нет","65
"
"225be6e11292e70a7f08985417198b97","Да","50
"
"bed142e7b56424c6faf590bd90f4de83","Да","75
"
"c462eec78a614dae2fc4398c8479ebcc","Да","70
, 95
"
"bf7cdfd47b9e204ce7e715130ef353d5","Да","75
"
"e50bd460f0daa134bbba0d13b8f968ce","Да",""
"d19586041f1e6703c8e6f926b1fb5973","Да","85
"
"3b20514bde894be0f4bbc480cab303e3","Да","65
, 105"
"d14550205aea0f3774d4a322094a646d","Да","85
, 40
, 50
, 80
"
"3b67b8c8be1d228b067889f3061227f4","Нет",""
"674a0135e45748594b5b564e7d929e3e","Да","30
"
"712f9d5c958a4ae055946f3b7d032d37","Да","85
, 50
, 75
"
"6dcf58aeaaa058a80d3779bdd3de0457","Да","40
"
"35001f083089fbf196df401355210801","Да","30
, 95
"
"5a3781eac9dddd805f671955bde28679","Да","35
, 85
, 90
"
"c64f305a07f80e2bc5c7cec7a9f7efce","Нет","70
, 75
"
"c889e89d661e28acb0d7aa2453cd9fdd","Нет","45
"
"5449d8064ea13ace40255523e3431412","Нет","85
, 40
"
"90a125cac8557189bc9d6f08d352e8e4","Нет","25
, 30
"
"6a0d47040c6f9e67a7b66d8d52f10ba8","Нет","40
"
"da7d4e86dd391021c1849f8f5a3df73d","Нет","40
"
"e7183a3888e9ad5cb93a5262832528e9","Нет",""
"7e57861b99411b2bd319c09f7c88d1b1","Да","90
"
"de12a35548ead2e11b82deeeb53af77b","Нет","95
"
"4518c9b36b1d763ab74f4b40c478c1a0","Да","105, 75
"
"af2b17236fcb1e5204712895f8fcf8b2","Да","50
, 60
, 55
, 85
"
"2722a3c05e4bdc8ebedaccc58bf22670","Нет","40
, 50
, 70
, 105"
"3844a4c90e9b708a1e1b2b0f51b8d838","Да",""
"46a731e89f770b1cc142a6b05805461c","Да",""
"c10369489eeffc76381d614937efa2dd","Да","105, 95
"
"7f6056fcfcf5fdd2d97b384eaf1bbd06","Да","30
"
"5bb7b5f25f196a43fc78747cad47829a","Нет","45
, 25
, 85
, 60
"
"b124916b5e72dc9acdca3c80b6048b41","Нет","50
, 85
, 25
"
"f648a6bbd332770be287bc14875730e4","Нет","30
, 90
, 25
"
"edb137c25d1c257ae86ca76df44fa543","Да","70
, 40
"
"de73c5b8516a40c8f9866f144981d508","Нет",""
"f6f696e5bec450ef0537538519c28fc7","Нет",""
"55a2cacda2b72a21905c76ee5dec2c6b","Да",""
"49e052c9934bea0ac501e8410d468923","Да","75
"
"1c8d2e0eee00cde25fe872fbd0401b8a","Да","80
"
"60b240bd61e5dd2adcc25306b6244570","Нет","40
"
"65f24bbe3b7d3f16bebb92516bc6535f","Нет","85
, 40
"
"30faa05f037b27c0e073210d6537056c","Нет","105, 95
"
"3b60fc6647ec439b49f1c64654f2de6f","Нет","35
, 75
"
"9e2aa2ab0810d1da8ff64eb1a622747d","Нет","50
"
"f92e2c468f322fd1d764328b768f960e","Да",""
"925ecec4239daf85323cfa0f9df21af7","Да","95
, 45
"
"6ac2f3eccb6da59ab4ae73595ceb2f2d","Нет","25
, 45
, 50
, 40
"
"056988251cc32dac31c3964941217ddf","Да","105, 50
, 70
"
"84894eeb350957a6337e1dc2a20d9bc1","Нет","45
"
"d22935fc6947aa2ee0efc987c9ba3ae5","Да",""
"c0c720d389a4edb952caa79811fe99ca","Нет",""
"7f5221e3e3ee2ed994231530bccdd0b1","Нет","50
, 85
"
"6994e161854ee3a8841ba06290e39a3a","Нет",""
"221bcf45b7fbcb277b134ac819b60e3b","Да","75
, 30
, 90
, 40
"
"7c4325e38ca3b6df4c54529e896870a1","Нет","65
, 40
, 90
, 75
, 45
"
"83bee98e775d89b81f705dd2eff31421","Да","50
"
"f59e85a9fc02700e3be75d4469fff3b8","Нет","90
"
"7c42406e5ef88d5be5edc3dd0cff0309","Да","35
, 50
, 45
"
"163683c5513d5abd6d1c85b07f6402f7","Нет","95
, 45
"
"bceef00127498e4de8fd8ac922045a7f","Нет","70
, 35
, 75
"
"ef28a69a663727d7d4f179df6979a71b","Нет","80
"
"6bc0a95360fff359cb1d4d6c40a1d300","Да","80
, 40
"
"3bd252a8285b38956e12c3d0dcef3f02","Нет","30
, 45
, 50
"
"3807879a7425dd639fafb20be65d1b95","Нет",""
"2533ae1e0975d1fb1ed042af57f84ce2","Да","105"
"99aed7984665030b0b0504d194b4399c","Нет",""
"03bf5b43834db0a63d05bf66504b3036","Нет",""
"1aa3c7ac2d955b86bf4ede75bba14fa5","Да","45
"
"6a098c7f42e530d048d75013544fbc33","Нет","50
"
"1394f7cc3e37be992959bbaf71e6683e","Да","80
"
"0a2f7fb57842d5354553a9a6f7b6c6e8","Нет","35
, 105"
"42687b0a3ebbfff30350dfa9a48c1f97","Нет","50
"
"0e91204e47b5d35155ab9840e187921d","Нет","105, 85
"
"1fb3a9499e1990a74821bd0f61b366f9","Да","65
, 40
, 90
"
"b2341e7e000a3bbd66a2c4b0df0a6018","Да",""
"b1d83f2a53608b7b5dd8d24c36384672","Нет","105, 90
"
"e950c346cda3174a18b84fc84ecd0629","Нет","45
"
"85abffc7824f92c04920a96bde300ce3","Нет","80
"
"8ae951b1c84276c961428435a0f7bd1f","Да","85
, 70
, 80
, 45
"
"2bcef854824702105524aaa59aa5ef0b","Да","75
, 55
"
"f80ef59dfc4c1cc6d395b0c699de76b7","Да",""
"4814d724b6b9aa7fbf656af1885c8d2d","Нет","105, 80
, 45
"
"dec3d44c092d3fdd0de9ef123a8e69bc","Нет","80
, 95
"
"a6f03060782f7aaacabb6ee5e5c11742","Да","60
"
"614baaf7a83a0d0595f85d53bc98ebe6","Да","30
"
"aab3e68e6435867bbbbd7b095281589c","Нет","75
, 35
, 25
"
"3327fcd67e5af5d38215dc8ed2b65a19","Нет","50
, 60
"
"7644a7139a967efab31a19008e99e90e","Да","105, 70
"
"260a0fb4b3b263ba852e030ee7b9e1a6","Да","105"
"2c03b58899bd77c2ec6e158078be07d5","Нет",""
<!-- start log messages -->
<table class="yiiLog" width="100%" cellpadding="2" style="border-spacing:1px;font:11px Verdana, Arial, Helvetica, sans-serif;background:#EEEEEE;color:#666666;">
	<tr>
		<th style="background:black;color:white;" colspan="5">
			Журнал приложения
		</th>
	</tr>
	<tr style="background-color: #ccc;">
	    <th style="width:120px">Время</th>
		<th>Уровень</th>
		<th>Категория</th>
		<th>Сообщение</th>
	</tr>
	<tr style="background:#FFFFFF">
		<td align="center">01:04:31.029819</td>
		<td>trace</td>
		<td>system.CModule</td>
		<td><pre>Loading &quot;log&quot; application component</pre></td>
	</tr>	<tr style="background:#F5F5F5">
		<td align="center">01:04:31.030237</td>
		<td>trace</td>
		<td>system.CModule</td>
		<td><pre>Loading &quot;request&quot; application component</pre></td>
	</tr>	<tr style="background:#FFFFFF">
		<td align="center">01:04:31.030450</td>
		<td>trace</td>
		<td>system.CModule</td>
		<td><pre>Loading &quot;urlManager&quot; application component</pre></td>
	</tr>	<tr style="background:#F5F5F5">
		<td align="center">01:04:31.033462</td>
		<td>trace</td>
		<td>system.base.CModule</td>
		<td><pre>Loading &quot;admin&quot; module</pre></td>
	</tr>	<tr style="background:#FFFFFF">
		<td align="center">01:04:31.034512</td>
		<td>trace</td>
		<td>system.CModule</td>
		<td><pre>Loading &quot;assetManager&quot; application component</pre></td>
	</tr>	<tr style="background:#F5F5F5">
		<td align="center">01:04:31.052231</td>
		<td>trace</td>
		<td>system.CModule</td>
		<td><pre>Loading &quot;clientScript&quot; application component</pre></td>
	</tr>	<tr style="background:#FFFFFF">
		<td align="center">01:04:31.052952</td>
		<td>trace</td>
		<td>system.web.filters.CFilterChain</td>
		<td><pre>Running filter ProductController.filteraccessControl()</pre></td>
	</tr>	<tr style="background:#F5F5F5">
		<td align="center">01:04:31.053167</td>
		<td>trace</td>
		<td>system.CModule</td>
		<td><pre>Loading &quot;user&quot; application component</pre></td>
	</tr>	<tr style="background:#FFFFFF">
		<td align="center">01:04:31.053442</td>
		<td>trace</td>
		<td>system.CModule</td>
		<td><pre>Loading &quot;session&quot; application component</pre></td>
	</tr>	<tr style="background:#F5F5F5">
		<td align="center">01:04:31.053791</td>
		<td>trace</td>
		<td>system.CModule</td>
		<td><pre>Loading &quot;authManager&quot; application component</pre></td>
	</tr>	<tr style="background:#FFFFFF">
		<td align="center">01:04:31.054439</td>
		<td>trace</td>
		<td>system.web.auth.CPhpAuthManager</td>
		<td><pre>Checking permission &quot;Administrator&quot;</pre></td>
	</tr>	<tr style="background:#F5F5F5">
		<td align="center">01:04:31.055293</td>
		<td>trace</td>
		<td>system.CModule</td>
		<td><pre>Loading &quot;db&quot; application component</pre></td>
	</tr>	<tr style="background:#FFFFFF">
		<td align="center">01:04:31.055483</td>
		<td>trace</td>
		<td>system.db.CDbConnection</td>
		<td><pre>Opening DB connection</pre></td>
	</tr>	<tr style="background:#F5F5F5">
		<td align="center">01:04:31.057142</td>
		<td>trace</td>
		<td>system.db.CDbCommand</td>
		<td><pre>Querying SQL: SHOW FULL COLUMNS FROM `product`</pre></td>
	</tr>	<tr style="background:#DFFFE0">
		<td align="center">01:04:31.057163</td>
		<td>profile</td>
		<td>system.db.CDbCommand.query</td>
		<td><pre>begin:system.db.CDbCommand.query(SHOW FULL COLUMNS FROM `product`)</pre></td>
	</tr>	<tr style="background:#DFFFE0">
		<td align="center">01:04:31.058391</td>
		<td>profile</td>
		<td>system.db.CDbCommand.query</td>
		<td><pre>end:system.db.CDbCommand.query(SHOW FULL COLUMNS FROM `product`)</pre></td>
	</tr>	<tr style="background:#FFFFFF">
		<td align="center">01:04:31.058975</td>
		<td>trace</td>
		<td>system.db.CDbCommand</td>
		<td><pre>Querying SQL: SHOW CREATE TABLE `product`</pre></td>
	</tr>	<tr style="background:#DFFFE0">
		<td align="center">01:04:31.059000</td>
		<td>profile</td>
		<td>system.db.CDbCommand.query</td>
		<td><pre>begin:system.db.CDbCommand.query(SHOW CREATE TABLE `product`)</pre></td>
	</tr>	<tr style="background:#DFFFE0">
		<td align="center">01:04:31.063019</td>
		<td>profile</td>
		<td>system.db.CDbCommand.query</td>
		<td><pre>end:system.db.CDbCommand.query(SHOW CREATE TABLE `product`)</pre></td>
	</tr>	<tr style="background:#F5F5F5">
		<td align="center">01:04:31.063167</td>
		<td>trace</td>
		<td>system.db.ar.CActiveRecord</td>
		<td><pre>Product.findByPk()</pre></td>
	</tr>	<tr style="background:#FFFFFF">
		<td align="center">01:04:31.063651</td>
		<td>trace</td>
		<td>system.db.CDbCommand</td>
		<td><pre>Querying SQL: SELECT * FROM `product` `t` WHERE `t`.`id`=&#039;1&#039; LIMIT 1</pre></td>
	</tr>	<tr style="background:#DFFFE0">
		<td align="center">01:04:31.063672</td>
		<td>profile</td>
		<td>system.db.CDbCommand.query</td>
		<td><pre>begin:system.db.CDbCommand.query(SELECT * FROM `product` `t` WHERE
`t`.`id`=&#039;1&#039; LIMIT 1)</pre></td>
	</tr>	<tr style="background:#DFFFE0">
		<td align="center">01:04:31.063877</td>
		<td>profile</td>
		<td>system.db.CDbCommand.query</td>
		<td><pre>end:system.db.CDbCommand.query(SELECT * FROM `product` `t` WHERE
`t`.`id`=&#039;1&#039; LIMIT 1)</pre></td>
	</tr>	<tr style="background:#F5F5F5">
		<td align="center">01:04:31.064069</td>
		<td>trace</td>
		<td>system.db.CDbCommand</td>
		<td><pre>Querying SQL: 
SELECT
`product_field`.*,
`field_tab`.`position` as `position_tab`,
`min_length`,`max_length`,
NULL as `min_value`, NULL as `max_value`,NULL as `rows`,NULL as
`decimal`,NULL as `default`,NULL as list_id,
NULL as is_multiple_select,
`tab_id`,
NULL as `file_type`
FROM `product_field`
-- min_length, max_length
JOIN `string_field` ON string_field.field_id = id
LEFT JOIN `field_tab` ON `field_tab`.field_id = id
WHERE `product_id` = :product_id

UNION

SELECT
`product_field`.*,
`field_tab`.`position` as `position_tab`,
NULL,NULL,`min_value`,`max_value`,NULL,NULL,NULL,NULL,NULL,
`tab_id`,
NULL as `file_type`
FROM `product_field`
-- min_value, max_value
JOIN `integer_field` ON integer_field.field_id = id
LEFT JOIN `field_tab` ON `field_tab`.field_id = id
WHERE `product_id` = :product_id

UNION

SELECT
`product_field`.*,
`field_tab`.`position` as `position_tab`,
`min_length`,`max_length`,
NULL as `min_value`, NULL as `max_value`,
`rows`,
NULL as `decimal`,
NULL as `default`,
NULL as list_id,
NULL as is_multiple_select,
`tab_id`,
NULL as `file_type`
FROM `product_field`
-- row, min_length, max_length
JOIN `text_field` ON text_field.field_id = id
LEFT JOIN `field_tab` ON `field_tab`.field_id = id
WHERE `product_id` = :product_id

UNION

SELECT `product_field`.*,
`field_tab`.`position` as `position_tab`,
NULL as `min_length`, NULL as `max_length`,
NULL as `min_value`, `max_value`,
NULL as `rows`,
NULL as `decimal`,
NULL as `default`,
NULL as list_id,
NULL as is_multiple_select,
`tab_id`,
NULL as `file_type`
FROM `product_field`
-- max_value
JOIN `price_field` ON price_field.field_id = id
LEFT JOIN `field_tab` ON `field_tab`.field_id = id
WHERE `product_id` = :product_id

UNION

SELECT `product_field`.*,
`field_tab`.`position` as `position_tab`,
NULL as `min_length`, NULL as `max_length`,
NULL as `min_value`, NULL as `max_value`,
NULL as `rows`,
`decimal`,
NULL as `default`,
NULL as list_id,
NULL as is_multiple_select,
`tab_id`,
NULL as `file_type`
FROM `product_field`
-- decimal
JOIN `double_field` ON double_field.field_id = id
LEFT JOIN `field_tab` ON `field_tab`.field_id = id
WHERE `product_id` = :product_id

UNION

SELECT `product_field`.*,
`field_tab`.`position` as `position_tab`,
NULL as `min_length`, NULL as `max_length`,
NULL as `min_value`, NULL as `max_value`,
NULL as `rows`,
NULL as `decimal`,
`default`,
NULL as list_id,
NULL as is_multiple_select,
`tab_id`,
NULL as `file_type`
FROM `product_field`
-- default
JOIN `boolean_field` ON boolean_field.field_id = id
LEFT JOIN `field_tab` ON `field_tab`.field_id = id
WHERE `product_id` = :product_id

UNION

SELECT `product_field`.*,
`field_tab`.`position` as `position_tab`,
NULL as `min_length`, NULL as `max_length`,
NULL as `min_value`, NULL as `max_value`,
NULL as `rows`,
NULL as `decimal`,
NULL as `default`,
list_id,
is_multiple_select,
`tab_id`,
NULL as `file_type`
FROM `product_field`
-- list_id, is_multiple_select
JOIN `list_field` ON list_field.field_id = id
LEFT JOIN `field_tab` ON `field_tab`.field_id = id
WHERE `product_id` = :product_id

UNION

SELECT `product_field`.*,
`field_tab`.`position` as `position_tab`,
NULL as `min_length`, NULL as `max_length`,
NULL as `min_value`, NULL as `max_value`,
NULL as `rows`,
NULL as `decimal`,
NULL as `default`,
NULL as list_id,
NULL as is_multiple_select,
`tab_id`,
`file_type`
FROM `product_field`
-- type_file
JOIN `file_field` ON file_field.field_id = id
LEFT JOIN `field_tab` ON `field_tab`.field_id = id
WHERE `product_id` = :product_id

ORDER BY position. Bound with :product_id=&#039;1&#039;</pre></td>
	</tr>	<tr style="background:#DFFFE0">
		<td align="center">01:04:31.064101</td>
		<td>profile</td>
		<td>system.db.CDbCommand.query</td>
		<td><pre>begin:system.db.CDbCommand.query(
SELECT
`product_field`.*,
`field_tab`.`position` as `position_tab`,
`min_length`,`max_length`,
NULL as `min_value`, NULL as `max_value`,NULL as `rows`,NULL as
`decimal`,NULL as `default`,NULL as list_id,
NULL as is_multiple_select,
`tab_id`,
NULL as `file_type`
FROM `product_field`
-- min_length, max_length
JOIN `string_field` ON string_field.field_id = id
LEFT JOIN `field_tab` ON `field_tab`.field_id = id
WHERE `product_id` = :product_id

UNION

SELECT
`product_field`.*,
`field_tab`.`position` as `position_tab`,
NULL,NULL,`min_value`,`max_value`,NULL,NULL,NULL,NULL,NULL,
`tab_id`,
NULL as `file_type`
FROM `product_field`
-- min_value, max_value
JOIN `integer_field` ON integer_field.field_id = id
LEFT JOIN `field_tab` ON `field_tab`.field_id = id
WHERE `product_id` = :product_id

UNION

SELECT
`product_field`.*,
`field_tab`.`position` as `position_tab`,
`min_length`,`max_length`,
NULL as `min_value`, NULL as `max_value`,
`rows`,
NULL as `decimal`,
NULL as `default`,
NULL as list_id,
NULL as is_multiple_select,
`tab_id`,
NULL as `file_type`
FROM `product_field`
-- row, min_length, max_length
JOIN `text_field` ON text_field.field_id = id
LEFT JOIN `field_tab` ON `field_tab`.field_id = id
WHERE `product_id` = :product_id

UNION

SELECT `product_field`.*,
`field_tab`.`position` as `position_tab`,
NULL as `min_length`, NULL as `max_length`,
NULL as `min_value`, `max_value`,
NULL as `rows`,
NULL as `decimal`,
NULL as `default`,
NULL as list_id,
NULL as is_multiple_select,
`tab_id`,
NULL as `file_type`
FROM `product_field`
-- max_value
JOIN `price_field` ON price_field.field_id = id
LEFT JOIN `field_tab` ON `field_tab`.field_id = id
WHERE `product_id` = :product_id

UNION

SELECT `product_field`.*,
`field_tab`.`position` as `position_tab`,
NULL as `min_length`, NULL as `max_length`,
NULL as `min_value`, NULL as `max_value`,
NULL as `rows`,
`decimal`,
NULL as `default`,
NULL as list_id,
NULL as is_multiple_select,
`tab_id`,
NULL as `file_type`
FROM `product_field`
-- decimal
JOIN `double_field` ON double_field.field_id = id
LEFT JOIN `field_tab` ON `field_tab`.field_id = id
WHERE `product_id` = :product_id

UNION

SELECT `product_field`.*,
`field_tab`.`position` as `position_tab`,
NULL as `min_length`, NULL as `max_length`,
NULL as `min_value`, NULL as `max_value`,
NULL as `rows`,
NULL as `decimal`,
`default`,
NULL as list_id,
NULL as is_multiple_select,
`tab_id`,
NULL as `file_type`
FROM `product_field`
-- default
JOIN `boolean_field` ON boolean_field.field_id = id
LEFT JOIN `field_tab` ON `field_tab`.field_id = id
WHERE `product_id` = :product_id

UNION

SELECT `product_field`.*,
`field_tab`.`position` as `position_tab`,
NULL as `min_length`, NULL as `max_length`,
NULL as `min_value`, NULL as `max_value`,
NULL as `rows`,
NULL as `decimal`,
NULL as `default`,
list_id,
is_multiple_select,
`tab_id`,
NULL as `file_type`
FROM `product_field`
-- list_id, is_multiple_select
JOIN `list_field` ON list_field.field_id = id
LEFT JOIN `field_tab` ON `field_tab`.field_id = id
WHERE `product_id` = :product_id

UNION

SELECT `product_field`.*,
`field_tab`.`position` as `position_tab`,
NULL as `min_length`, NULL as `max_length`,
NULL as `min_value`, NULL as `max_value`,
NULL as `rows`,
NULL as `decimal`,
NULL as `default`,
NULL as list_id,
NULL as is_multiple_select,
`tab_id`,
`file_type`
FROM `product_field`
-- type_file
JOIN `file_field` ON file_field.field_id = id
LEFT JOIN `field_tab` ON `field_tab`.field_id = id
WHERE `product_id` = :product_id

ORDER BY position. Bound with :product_id=&#039;1&#039;)</pre></td>
	</tr>	<tr style="background:#DFFFE0">
		<td align="center">01:04:31.064481</td>
		<td>profile</td>
		<td>system.db.CDbCommand.query</td>
		<td><pre>end:system.db.CDbCommand.query(
SELECT
`product_field`.*,
`field_tab`.`position` as `position_tab`,
`min_length`,`max_length`,
NULL as `min_value`, NULL as `max_value`,NULL as `rows`,NULL as
`decimal`,NULL as `default`,NULL as list_id,
NULL as is_multiple_select,
`tab_id`,
NULL as `file_type`
FROM `product_field`
-- min_length, max_length
JOIN `string_field` ON string_field.field_id = id
LEFT JOIN `field_tab` ON `field_tab`.field_id = id
WHERE `product_id` = :product_id

UNION

SELECT
`product_field`.*,
`field_tab`.`position` as `position_tab`,
NULL,NULL,`min_value`,`max_value`,NULL,NULL,NULL,NULL,NULL,
`tab_id`,
NULL as `file_type`
FROM `product_field`
-- min_value, max_value
JOIN `integer_field` ON integer_field.field_id = id
LEFT JOIN `field_tab` ON `field_tab`.field_id = id
WHERE `product_id` = :product_id

UNION

SELECT
`product_field`.*,
`field_tab`.`position` as `position_tab`,
`min_length`,`max_length`,
NULL as `min_value`, NULL as `max_value`,
`rows`,
NULL as `decimal`,
NULL as `default`,
NULL as list_id,
NULL as is_multiple_select,
`tab_id`,
NULL as `file_type`
FROM `product_field`
-- row, min_length, max_length
JOIN `text_field` ON text_field.field_id = id
LEFT JOIN `field_tab` ON `field_tab`.field_id = id
WHERE `product_id` = :product_id

UNION

SELECT `product_field`.*,
`field_tab`.`position` as `position_tab`,
NULL as `min_length`, NULL as `max_length`,
NULL as `min_value`, `max_value`,
NULL as `rows`,
NULL as `decimal`,
NULL as `default`,
NULL as list_id,
NULL as is_multiple_select,
`tab_id`,
NULL as `file_type`
FROM `product_field`
-- max_value
JOIN `price_field` ON price_field.field_id = id
LEFT JOIN `field_tab` ON `field_tab`.field_id = id
WHERE `product_id` = :product_id

UNION

SELECT `product_field`.*,
`field_tab`.`position` as `position_tab`,
NULL as `min_length`, NULL as `max_length`,
NULL as `min_value`, NULL as `max_value`,
NULL as `rows`,
`decimal`,
NULL as `default`,
NULL as list_id,
NULL as is_multiple_select,
`tab_id`,
NULL as `file_type`
FROM `product_field`
-- decimal
JOIN `double_field` ON double_field.field_id = id
LEFT JOIN `field_tab` ON `field_tab`.field_id = id
WHERE `product_id` = :product_id

UNION

SELECT `product_field`.*,
`field_tab`.`position` as `position_tab`,
NULL as `min_length`, NULL as `max_length`,
NULL as `min_value`, NULL as `max_value`,
NULL as `rows`,
NULL as `decimal`,
`default`,
NULL as list_id,
NULL as is_multiple_select,
`tab_id`,
NULL as `file_type`
FROM `product_field`
-- default
JOIN `boolean_field` ON boolean_field.field_id = id
LEFT JOIN `field_tab` ON `field_tab`.field_id = id
WHERE `product_id` = :product_id

UNION

SELECT `product_field`.*,
`field_tab`.`position` as `position_tab`,
NULL as `min_length`, NULL as `max_length`,
NULL as `min_value`, NULL as `max_value`,
NULL as `rows`,
NULL as `decimal`,
NULL as `default`,
list_id,
is_multiple_select,
`tab_id`,
NULL as `file_type`
FROM `product_field`
-- list_id, is_multiple_select
JOIN `list_field` ON list_field.field_id = id
LEFT JOIN `field_tab` ON `field_tab`.field_id = id
WHERE `product_id` = :product_id

UNION

SELECT `product_field`.*,
`field_tab`.`position` as `position_tab`,
NULL as `min_length`, NULL as `max_length`,
NULL as `min_value`, NULL as `max_value`,
NULL as `rows`,
NULL as `decimal`,
NULL as `default`,
NULL as list_id,
NULL as is_multiple_select,
`tab_id`,
`file_type`
FROM `product_field`
-- type_file
JOIN `file_field` ON file_field.field_id = id
LEFT JOIN `field_tab` ON `field_tab`.field_id = id
WHERE `product_id` = :product_id

ORDER BY position. Bound with :product_id=&#039;1&#039;)</pre></td>
	</tr>	<tr style="background:#FFFFFF">
		<td align="center">01:04:31.065037</td>
		<td>trace</td>
		<td>system.db.CDbCommand</td>
		<td><pre>Querying SQL: SHOW FULL COLUMNS FROM `tires`</pre></td>
	</tr>	<tr style="background:#DFFFE0">
		<td align="center">01:04:31.065058</td>
		<td>profile</td>
		<td>system.db.CDbCommand.query</td>
		<td><pre>begin:system.db.CDbCommand.query(SHOW FULL COLUMNS FROM `tires`)</pre></td>
	</tr>	<tr style="background:#DFFFE0">
		<td align="center">01:04:31.066370</td>
		<td>profile</td>
		<td>system.db.CDbCommand.query</td>
		<td><pre>end:system.db.CDbCommand.query(SHOW FULL COLUMNS FROM `tires`)</pre></td>
	</tr>	<tr style="background:#F5F5F5">
		<td align="center">01:04:31.066879</td>
		<td>trace</td>
		<td>system.db.CDbCommand</td>
		<td><pre>Querying SQL: SHOW CREATE TABLE `tires`</pre></td>
	</tr>	<tr style="background:#DFFFE0">
		<td align="center">01:04:31.066900</td>
		<td>profile</td>
		<td>system.db.CDbCommand.query</td>
		<td><pre>begin:system.db.CDbCommand.query(SHOW CREATE TABLE `tires`)</pre></td>
	</tr>	<tr style="background:#DFFFE0">
		<td align="center">01:04:31.067141</td>
		<td>profile</td>
		<td>system.db.CDbCommand.query</td>
		<td><pre>end:system.db.CDbCommand.query(SHOW CREATE TABLE `tires`)</pre></td>
	</tr>	<tr style="background:#FFFFFF">
		<td align="center">01:04:31.067522</td>
		<td>trace</td>
		<td>system.CModule</td>
		<td><pre>Loading &quot;messages&quot; application component</pre></td>
	</tr>	<tr style="background:#F5F5F5">
		<td align="center">01:04:31.069922</td>
		<td>trace</td>
		<td>system.CModule</td>
		<td><pre>Loading &quot;themeManager&quot; application component</pre></td>
	</tr>	<tr style="background:#FFFFFF">
		<td align="center">01:04:31.071367</td>
		<td>trace</td>
		<td>system.db.ar.CActiveRecord</td>
		<td><pre>lazy loading tires.image</pre></td>
	</tr>	<tr style="background:#F5F5F5">
		<td align="center">01:04:31.071475</td>
		<td>trace</td>
		<td>system.db.ar.CActiveRecord</td>
		<td><pre>lazy loading tires.listTest</pre></td>
	</tr>	<tr style="background:#FFFFFF">
		<td align="center">01:04:31.071506</td>
		<td>trace</td>
		<td>system.db.ar.CActiveRecord</td>
		<td><pre>lazy loading tires.listTest</pre></td>
	</tr>	<tr style="background:#F5F5F5">
		<td align="center">01:04:31.071852</td>
		<td>trace</td>
		<td>system.CModule</td>
		<td><pre>Loading &quot;widgetFactory&quot; application component</pre></td>
	</tr>	<tr style="background:#FFFFFF">
		<td align="center">01:04:31.078875</td>
		<td>trace</td>
		<td>system.db.ar.CActiveRecord</td>
		<td><pre>tires.findAll()</pre></td>
	</tr>	<tr style="background:#F5F5F5">
		<td align="center">01:04:31.079607</td>
		<td>trace</td>
		<td>system.db.CDbCommand</td>
		<td><pre>Querying SQL: SHOW FULL COLUMNS FROM `list_item`</pre></td>
	</tr>	<tr style="background:#DFFFE0">
		<td align="center">01:04:31.079631</td>
		<td>profile</td>
		<td>system.db.CDbCommand.query</td>
		<td><pre>begin:system.db.CDbCommand.query(SHOW FULL COLUMNS FROM `list_item`)</pre></td>
	</tr>	<tr style="background:#DFFFE0">
		<td align="center">01:04:31.080775</td>
		<td>profile</td>
		<td>system.db.CDbCommand.query</td>
		<td><pre>end:system.db.CDbCommand.query(SHOW FULL COLUMNS FROM `list_item`)</pre></td>
	</tr>	<tr style="background:#FFFFFF">
		<td align="center">01:04:31.081151</td>
		<td>trace</td>
		<td>system.db.CDbCommand</td>
		<td><pre>Querying SQL: SHOW CREATE TABLE `list_item`</pre></td>
	</tr>	<tr style="background:#DFFFE0">
		<td align="center">01:04:31.081171</td>
		<td>profile</td>
		<td>system.db.CDbCommand.query</td>
		<td><pre>begin:system.db.CDbCommand.query(SHOW CREATE TABLE `list_item`)</pre></td>
	</tr>	<tr style="background:#DFFFE0">
		<td align="center">01:04:31.081440</td>
		<td>profile</td>
		<td>system.db.CDbCommand.query</td>
		<td><pre>end:system.db.CDbCommand.query(SHOW CREATE TABLE `list_item`)</pre></td>
	</tr>	<tr style="background:#F5F5F5">
		<td align="center">01:04:31.082082</td>
		<td>trace</td>
		<td>system.db.CDbCommand</td>
		<td><pre>Querying SQL: SELECT `t`.`id` AS `t0_c0`, `t`.`alias` AS `t0_c1`,
`t`.`title` AS `t0_c2`, `t`.`keywords` AS `t0_c3`, `t`.`description` AS
`t0_c4`, `t`.`name` AS `t0_c5`, `t`.`price` AS `t0_c6`, `t`.`count` AS
`t0_c7`, `t`.`logTest` AS `t0_c8` FROM `tires` `t` </pre></td>
	</tr>	<tr style="background:#DFFFE0">
		<td align="center">01:04:31.082114</td>
		<td>profile</td>
		<td>system.db.CDbCommand.query</td>
		<td><pre>begin:system.db.CDbCommand.query(SELECT `t`.`id` AS `t0_c0`, `t`.`alias` AS
`t0_c1`, `t`.`title` AS `t0_c2`, `t`.`keywords` AS `t0_c3`,
`t`.`description` AS `t0_c4`, `t`.`name` AS `t0_c5`, `t`.`price` AS
`t0_c6`, `t`.`count` AS `t0_c7`, `t`.`logTest` AS `t0_c8` FROM `tires` `t`
)</pre></td>
	</tr>	<tr style="background:#DFFFE0">
		<td align="center">01:04:31.091254</td>
		<td>profile</td>
		<td>system.db.CDbCommand.query</td>
		<td><pre>end:system.db.CDbCommand.query(SELECT `t`.`id` AS `t0_c0`, `t`.`alias` AS
`t0_c1`, `t`.`title` AS `t0_c2`, `t`.`keywords` AS `t0_c3`,
`t`.`description` AS `t0_c4`, `t`.`name` AS `t0_c5`, `t`.`price` AS
`t0_c6`, `t`.`count` AS `t0_c7`, `t`.`logTest` AS `t0_c8` FROM `tires` `t`
)</pre></td>
	</tr>	<tr style="background:#FFFFFF">
		<td align="center">01:04:32.637572</td>
		<td>trace</td>
		<td>system.db.CDbCommand</td>
		<td><pre>Querying SQL: SHOW FULL COLUMNS FROM `record_list`</pre></td>
	</tr>	<tr style="background:#DFFFE0">
		<td align="center">01:04:32.637598</td>
		<td>profile</td>
		<td>system.db.CDbCommand.query</td>
		<td><pre>begin:system.db.CDbCommand.query(SHOW FULL COLUMNS FROM `record_list`)</pre></td>
	</tr>	<tr style="background:#DFFFE0">
		<td align="center">01:04:32.638686</td>
		<td>profile</td>
		<td>system.db.CDbCommand.query</td>
		<td><pre>end:system.db.CDbCommand.query(SHOW FULL COLUMNS FROM `record_list`)</pre></td>
	</tr>	<tr style="background:#F5F5F5">
		<td align="center">01:04:32.638988</td>
		<td>trace</td>
		<td>system.db.CDbCommand</td>
		<td><pre>Querying SQL: SHOW CREATE TABLE `record_list`</pre></td>
	</tr>	<tr style="background:#DFFFE0">
		<td align="center">01:04:32.639010</td>
		<td>profile</td>
		<td>system.db.CDbCommand.query</td>
		<td><pre>begin:system.db.CDbCommand.query(SHOW CREATE TABLE `record_list`)</pre></td>
	</tr>	<tr style="background:#DFFFE0">
		<td align="center">01:04:32.639278</td>
		<td>profile</td>
		<td>system.db.CDbCommand.query</td>
		<td><pre>end:system.db.CDbCommand.query(SHOW CREATE TABLE `record_list`)</pre></td>
	</tr>	<tr style="background:#FFFFFF">
		<td align="center">01:04:32.639803</td>
		<td>trace</td>
		<td>system.db.CDbCommand</td>
		<td><pre>Querying SQL: SELECT `t`.`id` AS `t0_c0`, `listTest`.`id` AS `t1_c0`,
`listTest`.`list_id` AS `t1_c1`, `listTest`.`status` AS `t1_c2`,
`listTest`.`priority` AS `t1_c3`, `listTest`.`name` AS `t1_c4` FROM `tires`
`t` LEFT OUTER JOIN `record_list` `listTest_listTest` ON
(`t`.`id`=`listTest_listTest`.`record_id`) LEFT OUTER JOIN `list_item`
`listTest` ON (`listTest`.`id`=`listTest_listTest`.`list_item_id`)  WHERE
(`t`.`id` IN (2, 3, 7, 10, 11, 12, 13, 14, 15, 16, 17, 18, 19, 20, 21, 22,
23, 24, 26, 27, 28, 29, 30, 31, 32, 33, 34, 35, 36, 37, 38, 39, 40, 41, 42,
43, 44, 45, 46, 47, 48, 49, 50, 51, 52, 53, 54, 55, 56, 57, 58, 59, 60, 61,
62, 63, 64, 65, 66, 67, 68, 69, 70, 71, 72, 73, 74, 75, 76, 77, 78, 79, 80,
81, 82, 83, 84, 85, 86, 87, 88, 89, 90, 91, 92, 93, 94, 95, 96, 97, 98, 99,
100, 101, 102, 103, 104, 105, 106, 107, 108, 109, 110, 111, 112, 113, 114,
115, 116, 117, 118, 119, 120, 121, 122, 123, 124, 125, 126, 127, 128, 129,
130, 131, 132, 133, 134, 135, 136, 137, 138, 139, 140, 141, 142, 143, 144,
145, 146, 147, 148, 149, 150, 151, 152, 153, 154, 155, 156, 157, 158, 159,
160, 161, 162, 163, 164, 165, 166, 167, 168, 169, 170, 171, 172, 173, 174,
175, 176, 177, 178, 179, 180, 181, 182, 183, 184, 185, 186, 187, 188, 189,
190, 191, 192, 193, 194, 195, 196, 197, 198, 199, 200, 201, 202, 203, 204,
205, 206, 207, 208, 209, 210, 211, 212, 213, 214, 215, 216, 217, 218, 219,
220, 221, 222, 223, 224, 225, 226, 227, 228, 229, 230, 231, 232, 233, 234,
235, 236, 237, 238, 239, 240, 241, 242, 243, 244, 245, 246, 247, 248, 249,
250, 251, 252, 253, 254, 255, 256, 257, 258, 259, 260, 261, 262, 263, 264,
265, 266, 267, 268, 269, 270, 271, 272, 273, 274, 275, 276, 277, 278, 279,
280, 281, 282, 283, 284, 285, 286, 287, 288, 289, 290, 291, 292, 293, 294,
295, 296, 297, 298, 299, 300, 301, 302, 303, 304, 305, 306, 307, 308, 309,
310, 311, 312, 313, 314, 315, 316, 317, 318, 319, 320, 321, 322, 323, 324,
325, 326, 327, 328, 329, 330, 331, 332, 333, 334, 335, 336, 337, 338, 339,
340, 341, 342, 343, 344, 345, 346, 347, 348, 349, 350, 351, 352, 353, 354,
355, 356, 357, 358, 359, 360, 361, 362, 363, 364, 365, 366, 367, 368, 369,
370, 371, 372, 373, 374, 375, 376, 377, 378, 379, 380, 381, 382, 383, 384,
385, 386, 387, 388, 389, 390, 391, 392, 393, 394, 395, 396, 397, 398, 399,
400, 401, 402, 403, 404, 405, 406, 407, 408, 409, 410, 411, 412, 413, 414,
415, 416, 417, 418, 419, 420, 421, 422, 423, 424, 425, 426, 427, 428, 429,
430, 431, 432, 433, 434, 435, 436, 437, 438, 439, 440, 441, 442, 443, 444,
445, 446, 447, 448, 449, 450, 451, 452, 453, 454, 455, 456, 457, 458, 459,
460, 461, 462, 463, 464, 465, 466, 467, 468, 469, 470, 471, 472, 473, 474,
475, 476, 477, 478, 479, 480, 481, 482, 483, 484, 485, 486, 487, 488, 489,
490, 491, 492, 493, 494, 495, 496, 497, 498, 499, 500, 501, 502, 503, 504,
505, 506, 507, 508, 509, 510, 511, 512, 513, 514, 515, 516, 517, 518, 519,
520, 521, 522, 523, 524, 525, 526, 527, 528, 529, 530, 531, 532, 533, 534,
535, 536, 537, 538, 539, 540, 541, 542, 543, 544, 545, 546, 547, 548, 549,
550, 551, 552, 553, 554, 555, 556, 557, 558, 559, 560, 561, 562, 563, 564,
565, 566, 567, 568, 569, 570, 571, 572, 573, 574, 575, 576, 577, 578, 579,
580, 581, 582, 583, 584, 585, 586, 587, 588, 589, 590, 591, 592, 593, 594,
595, 596, 597, 598, 599, 600, 601, 602, 603, 604, 605, 606, 607, 608, 609,
610, 611, 612, 613, 614, 615, 616, 617, 618, 619, 620, 621, 622, 623, 624,
625, 626, 627, 628, 629, 630, 631, 632, 633, 634, 635, 636, 637, 638, 639,
640, 641, 642, 643, 644, 645, 646, 647, 648, 649, 650, 651, 652, 653, 654,
655, 656, 657, 658, 659, 660, 661, 662, 663, 664, 665, 666, 667, 668, 669,
670, 671, 672, 673, 674, 675, 676, 677, 678, 679, 680, 681, 682, 683, 684,
685, 686, 687, 688, 689, 690, 691, 692, 693, 694, 695, 696, 697, 698, 699,
700, 701, 702, 703, 704, 705, 706, 707, 708, 709, 710, 711, 712, 713, 714,
715, 716, 717, 718, 719, 720, 721, 722, 723, 724, 725, 726, 727, 728, 729,
730, 731, 732, 733, 734, 735, 736, 737, 738, 739, 740, 741, 742, 743, 744,
745, 746, 747, 748, 749, 750, 751, 752, 753, 754, 755, 756, 757, 758, 759,
760, 761, 762, 763, 764, 765, 766, 767, 768, 769, 770, 771, 772, 773, 774,
775, 776, 777, 778, 779, 780, 781, 782, 783, 784, 785, 786, 787, 788, 789,
790, 791, 792, 793, 794, 795, 796, 797, 798, 799, 800, 801, 802, 803, 804,
805, 806, 807, 808, 809, 810, 811, 812, 813, 814, 815, 816, 817, 818, 819,
820, 821, 822, 823, 824, 825, 826, 827, 828, 829, 830, 831, 832, 833, 834,
835, 836, 837, 838, 839, 840, 841, 842, 843, 844, 845, 846, 847, 848, 849,
850, 851, 852, 853, 854, 855, 856, 857, 858, 859, 860, 861, 862, 863, 864,
865, 866, 867, 868, 869, 870, 871, 872, 873, 874, 875, 876, 877, 878, 879,
880, 881, 882, 883, 884, 885, 886, 887, 888, 889, 890, 891, 892, 893, 894,
895, 896, 897, 898, 899, 900, 901, 902, 903, 904, 905, 906, 907, 908, 909,
910, 911, 912, 913, 914, 915, 916, 917, 918, 919, 920, 921, 922, 923, 924,
925, 926, 927, 928, 929, 930, 931, 932, 933, 934, 935, 936, 937, 938, 939,
940, 941, 942, 943, 944, 945, 946, 947, 948, 949, 950, 951, 952, 953, 954,
955, 956, 957, 958, 959, 960, 961, 962, 963, 964, 965, 966, 967, 968, 969,
970, 971, 972, 973, 974, 975, 976, 977, 978, 979, 980, 981, 982, 983, 984,
985, 986, 987, 988, 989, 990, 991, 992, 993, 994, 995, 996, 997, 998, 999,
1000, 1001, 1002, 1003, 1004, 1005, 1006, 1007, 1008, 1009, 1010, 1011,
1012, 1013, 1014, 1015, 1016, 1017, 1018, 1019, 1020, 1021, 1022, 1023,
1024, 1025, 1026, 1027, 1028, 1029, 1030, 1031, 1032, 1033, 1034, 1035,
1036, 1037, 1038, 1039, 1040, 1041, 1042, 1043, 1044, 1045, 1046, 1047,
1048, 1049, 1050, 1051, 1052, 1053, 1054, 1055, 1056, 1057, 1058, 1059,
1060, 1061, 1062, 1063, 1064, 1065, 1066, 1067, 1068, 1069, 1070, 1071,
1072, 1073, 1074, 1075, 1076, 1077, 1078, 1079, 1080, 1081, 1082, 1083,
1084, 1085, 1086, 1087, 1088, 1089, 1090, 1091, 1092, 1093, 1094, 1095,
1096, 1097, 1098, 1099, 1100, 1101, 1102, 1103, 1104, 1105, 1106, 1107,
1108, 1109, 1110, 1111, 1112, 1113, 1114, 1115, 1116, 1117, 1118, 1119,
1120, 1121, 1122, 1123, 1124, 1125, 1126, 1127, 1128, 1129, 1130, 1131,
1132, 1133, 1134, 1135, 1136, 1137, 1138, 1139, 1140, 1141, 1142, 1143,
1144, 1145, 1146, 1147, 1148, 1149, 1150, 1151, 1152, 1153, 1154, 1155,
1156, 1157, 1158, 1159, 1160, 1161, 1162, 1163, 1164, 1165, 1166, 1167,
1168, 1169, 1170, 1171, 1172)) AND (`listTest_listTest`.`product_id` =
:product_id). Bound with :product_id=&#039;1&#039;</pre></td>
	</tr>	<tr style="background:#DFFFE0">
		<td align="center">01:04:32.639862</td>
		<td>profile</td>
		<td>system.db.CDbCommand.query</td>
		<td><pre>begin:system.db.CDbCommand.query(SELECT `t`.`id` AS `t0_c0`,
`listTest`.`id` AS `t1_c0`, `listTest`.`list_id` AS `t1_c1`,
`listTest`.`status` AS `t1_c2`, `listTest`.`priority` AS `t1_c3`,
`listTest`.`name` AS `t1_c4` FROM `tires` `t` LEFT OUTER JOIN `record_list`
`listTest_listTest` ON (`t`.`id`=`listTest_listTest`.`record_id`) LEFT
OUTER JOIN `list_item` `listTest` ON
(`listTest`.`id`=`listTest_listTest`.`list_item_id`)  WHERE (`t`.`id` IN
(2, 3, 7, 10, 11, 12, 13, 14, 15, 16, 17, 18, 19, 20, 21, 22, 23, 24, 26,
27, 28, 29, 30, 31, 32, 33, 34, 35, 36, 37, 38, 39, 40, 41, 42, 43, 44, 45,
46, 47, 48, 49, 50, 51, 52, 53, 54, 55, 56, 57, 58, 59, 60, 61, 62, 63, 64,
65, 66, 67, 68, 69, 70, 71, 72, 73, 74, 75, 76, 77, 78, 79, 80, 81, 82, 83,
84, 85, 86, 87, 88, 89, 90, 91, 92, 93, 94, 95, 96, 97, 98, 99, 100, 101,
102, 103, 104, 105, 106, 107, 108, 109, 110, 111, 112, 113, 114, 115, 116,
117, 118, 119, 120, 121, 122, 123, 124, 125, 126, 127, 128, 129, 130, 131,
132, 133, 134, 135, 136, 137, 138, 139, 140, 141, 142, 143, 144, 145, 146,
147, 148, 149, 150, 151, 152, 153, 154, 155, 156, 157, 158, 159, 160, 161,
162, 163, 164, 165, 166, 167, 168, 169, 170, 171, 172, 173, 174, 175, 176,
177, 178, 179, 180, 181, 182, 183, 184, 185, 186, 187, 188, 189, 190, 191,
192, 193, 194, 195, 196, 197, 198, 199, 200, 201, 202, 203, 204, 205, 206,
207, 208, 209, 210, 211, 212, 213, 214, 215, 216, 217, 218, 219, 220, 221,
222, 223, 224, 225, 226, 227, 228, 229, 230, 231, 232, 233, 234, 235, 236,
237, 238, 239, 240, 241, 242, 243, 244, 245, 246, 247, 248, 249, 250, 251,
252, 253, 254, 255, 256, 257, 258, 259, 260, 261, 262, 263, 264, 265, 266,
267, 268, 269, 270, 271, 272, 273, 274, 275, 276, 277, 278, 279, 280, 281,
282, 283, 284, 285, 286, 287, 288, 289, 290, 291, 292, 293, 294, 295, 296,
297, 298, 299, 300, 301, 302, 303, 304, 305, 306, 307, 308, 309, 310, 311,
312, 313, 314, 315, 316, 317, 318, 319, 320, 321, 322, 323, 324, 325, 326,
327, 328, 329, 330, 331, 332, 333, 334, 335, 336, 337, 338, 339, 340, 341,
342, 343, 344, 345, 346, 347, 348, 349, 350, 351, 352, 353, 354, 355, 356,
357, 358, 359, 360, 361, 362, 363, 364, 365, 366, 367, 368, 369, 370, 371,
372, 373, 374, 375, 376, 377, 378, 379, 380, 381, 382, 383, 384, 385, 386,
387, 388, 389, 390, 391, 392, 393, 394, 395, 396, 397, 398, 399, 400, 401,
402, 403, 404, 405, 406, 407, 408, 409, 410, 411, 412, 413, 414, 415, 416,
417, 418, 419, 420, 421, 422, 423, 424, 425, 426, 427, 428, 429, 430, 431,
432, 433, 434, 435, 436, 437, 438, 439, 440, 441, 442, 443, 444, 445, 446,
447, 448, 449, 450, 451, 452, 453, 454, 455, 456, 457, 458, 459, 460, 461,
462, 463, 464, 465, 466, 467, 468, 469, 470, 471, 472, 473, 474, 475, 476,
477, 478, 479, 480, 481, 482, 483, 484, 485, 486, 487, 488, 489, 490, 491,
492, 493, 494, 495, 496, 497, 498, 499, 500, 501, 502, 503, 504, 505, 506,
507, 508, 509, 510, 511, 512, 513, 514, 515, 516, 517, 518, 519, 520, 521,
522, 523, 524, 525, 526, 527, 528, 529, 530, 531, 532, 533, 534, 535, 536,
537, 538, 539, 540, 541, 542, 543, 544, 545, 546, 547, 548, 549, 550, 551,
552, 553, 554, 555, 556, 557, 558, 559, 560, 561, 562, 563, 564, 565, 566,
567, 568, 569, 570, 571, 572, 573, 574, 575, 576, 577, 578, 579, 580, 581,
582, 583, 584, 585, 586, 587, 588, 589, 590, 591, 592, 593, 594, 595, 596,
597, 598, 599, 600, 601, 602, 603, 604, 605, 606, 607, 608, 609, 610, 611,
612, 613, 614, 615, 616, 617, 618, 619, 620, 621, 622, 623, 624, 625, 626,
627, 628, 629, 630, 631, 632, 633, 634, 635, 636, 637, 638, 639, 640, 641,
642, 643, 644, 645, 646, 647, 648, 649, 650, 651, 652, 653, 654, 655, 656,
657, 658, 659, 660, 661, 662, 663, 664, 665, 666, 667, 668, 669, 670, 671,
672, 673, 674, 675, 676, 677, 678, 679, 680, 681, 682, 683, 684, 685, 686,
687, 688, 689, 690, 691, 692, 693, 694, 695, 696, 697, 698, 699, 700, 701,
702, 703, 704, 705, 706, 707, 708, 709, 710, 711, 712, 713, 714, 715, 716,
717, 718, 719, 720, 721, 722, 723, 724, 725, 726, 727, 728, 729, 730, 731,
732, 733, 734, 735, 736, 737, 738, 739, 740, 741, 742, 743, 744, 745, 746,
747, 748, 749, 750, 751, 752, 753, 754, 755, 756, 757, 758, 759, 760, 761,
762, 763, 764, 765, 766, 767, 768, 769, 770, 771, 772, 773, 774, 775, 776,
777, 778, 779, 780, 781, 782, 783, 784, 785, 786, 787, 788, 789, 790, 791,
792, 793, 794, 795, 796, 797, 798, 799, 800, 801, 802, 803, 804, 805, 806,
807, 808, 809, 810, 811, 812, 813, 814, 815, 816, 817, 818, 819, 820, 821,
822, 823, 824, 825, 826, 827, 828, 829, 830, 831, 832, 833, 834, 835, 836,
837, 838, 839, 840, 841, 842, 843, 844, 845, 846, 847, 848, 849, 850, 851,
852, 853, 854, 855, 856, 857, 858, 859, 860, 861, 862, 863, 864, 865, 866,
867, 868, 869, 870, 871, 872, 873, 874, 875, 876, 877, 878, 879, 880, 881,
882, 883, 884, 885, 886, 887, 888, 889, 890, 891, 892, 893, 894, 895, 896,
897, 898, 899, 900, 901, 902, 903, 904, 905, 906, 907, 908, 909, 910, 911,
912, 913, 914, 915, 916, 917, 918, 919, 920, 921, 922, 923, 924, 925, 926,
927, 928, 929, 930, 931, 932, 933, 934, 935, 936, 937, 938, 939, 940, 941,
942, 943, 944, 945, 946, 947, 948, 949, 950, 951, 952, 953, 954, 955, 956,
957, 958, 959, 960, 961, 962, 963, 964, 965, 966, 967, 968, 969, 970, 971,
972, 973, 974, 975, 976, 977, 978, 979, 980, 981, 982, 983, 984, 985, 986,
987, 988, 989, 990, 991, 992, 993, 994, 995, 996, 997, 998, 999, 1000,
1001, 1002, 1003, 1004, 1005, 1006, 1007, 1008, 1009, 1010, 1011, 1012,
1013, 1014, 1015, 1016, 1017, 1018, 1019, 1020, 1021, 1022, 1023, 1024,
1025, 1026, 1027, 1028, 1029, 1030, 1031, 1032, 1033, 1034, 1035, 1036,
1037, 1038, 1039, 1040, 1041, 1042, 1043, 1044, 1045, 1046, 1047, 1048,
1049, 1050, 1051, 1052, 1053, 1054, 1055, 1056, 1057, 1058, 1059, 1060,
1061, 1062, 1063, 1064, 1065, 1066, 1067, 1068, 1069, 1070, 1071, 1072,
1073, 1074, 1075, 1076, 1077, 1078, 1079, 1080, 1081, 1082, 1083, 1084,
1085, 1086, 1087, 1088, 1089, 1090, 1091, 1092, 1093, 1094, 1095, 1096,
1097, 1098, 1099, 1100, 1101, 1102, 1103, 1104, 1105, 1106, 1107, 1108,
1109, 1110, 1111, 1112, 1113, 1114, 1115, 1116, 1117, 1118, 1119, 1120,
1121, 1122, 1123, 1124, 1125, 1126, 1127, 1128, 1129, 1130, 1131, 1132,
1133, 1134, 1135, 1136, 1137, 1138, 1139, 1140, 1141, 1142, 1143, 1144,
1145, 1146, 1147, 1148, 1149, 1150, 1151, 1152, 1153, 1154, 1155, 1156,
1157, 1158, 1159, 1160, 1161, 1162, 1163, 1164, 1165, 1166, 1167, 1168,
1169, 1170, 1171, 1172)) AND (`listTest_listTest`.`product_id` =
:product_id). Bound with :product_id=&#039;1&#039;)</pre></td>
	</tr>	<tr style="background:#DFFFE0">
		<td align="center">01:04:32.651068</td>
		<td>profile</td>
		<td>system.db.CDbCommand.query</td>
		<td><pre>end:system.db.CDbCommand.query(SELECT `t`.`id` AS `t0_c0`, `listTest`.`id`
AS `t1_c0`, `listTest`.`list_id` AS `t1_c1`, `listTest`.`status` AS
`t1_c2`, `listTest`.`priority` AS `t1_c3`, `listTest`.`name` AS `t1_c4`
FROM `tires` `t` LEFT OUTER JOIN `record_list` `listTest_listTest` ON
(`t`.`id`=`listTest_listTest`.`record_id`) LEFT OUTER JOIN `list_item`
`listTest` ON (`listTest`.`id`=`listTest_listTest`.`list_item_id`)  WHERE
(`t`.`id` IN (2, 3, 7, 10, 11, 12, 13, 14, 15, 16, 17, 18, 19, 20, 21, 22,
23, 24, 26, 27, 28, 29, 30, 31, 32, 33, 34, 35, 36, 37, 38, 39, 40, 41, 42,
43, 44, 45, 46, 47, 48, 49, 50, 51, 52, 53, 54, 55, 56, 57, 58, 59, 60, 61,
62, 63, 64, 65, 66, 67, 68, 69, 70, 71, 72, 73, 74, 75, 76, 77, 78, 79, 80,
81, 82, 83, 84, 85, 86, 87, 88, 89, 90, 91, 92, 93, 94, 95, 96, 97, 98, 99,
100, 101, 102, 103, 104, 105, 106, 107, 108, 109, 110, 111, 112, 113, 114,
115, 116, 117, 118, 119, 120, 121, 122, 123, 124, 125, 126, 127, 128, 129,
130, 131, 132, 133, 134, 135, 136, 137, 138, 139, 140, 141, 142, 143, 144,
145, 146, 147, 148, 149, 150, 151, 152, 153, 154, 155, 156, 157, 158, 159,
160, 161, 162, 163, 164, 165, 166, 167, 168, 169, 170, 171, 172, 173, 174,
175, 176, 177, 178, 179, 180, 181, 182, 183, 184, 185, 186, 187, 188, 189,
190, 191, 192, 193, 194, 195, 196, 197, 198, 199, 200, 201, 202, 203, 204,
205, 206, 207, 208, 209, 210, 211, 212, 213, 214, 215, 216, 217, 218, 219,
220, 221, 222, 223, 224, 225, 226, 227, 228, 229, 230, 231, 232, 233, 234,
235, 236, 237, 238, 239, 240, 241, 242, 243, 244, 245, 246, 247, 248, 249,
250, 251, 252, 253, 254, 255, 256, 257, 258, 259, 260, 261, 262, 263, 264,
265, 266, 267, 268, 269, 270, 271, 272, 273, 274, 275, 276, 277, 278, 279,
280, 281, 282, 283, 284, 285, 286, 287, 288, 289, 290, 291, 292, 293, 294,
295, 296, 297, 298, 299, 300, 301, 302, 303, 304, 305, 306, 307, 308, 309,
310, 311, 312, 313, 314, 315, 316, 317, 318, 319, 320, 321, 322, 323, 324,
325, 326, 327, 328, 329, 330, 331, 332, 333, 334, 335, 336, 337, 338, 339,
340, 341, 342, 343, 344, 345, 346, 347, 348, 349, 350, 351, 352, 353, 354,
355, 356, 357, 358, 359, 360, 361, 362, 363, 364, 365, 366, 367, 368, 369,
370, 371, 372, 373, 374, 375, 376, 377, 378, 379, 380, 381, 382, 383, 384,
385, 386, 387, 388, 389, 390, 391, 392, 393, 394, 395, 396, 397, 398, 399,
400, 401, 402, 403, 404, 405, 406, 407, 408, 409, 410, 411, 412, 413, 414,
415, 416, 417, 418, 419, 420, 421, 422, 423, 424, 425, 426, 427, 428, 429,
430, 431, 432, 433, 434, 435, 436, 437, 438, 439, 440, 441, 442, 443, 444,
445, 446, 447, 448, 449, 450, 451, 452, 453, 454, 455, 456, 457, 458, 459,
460, 461, 462, 463, 464, 465, 466, 467, 468, 469, 470, 471, 472, 473, 474,
475, 476, 477, 478, 479, 480, 481, 482, 483, 484, 485, 486, 487, 488, 489,
490, 491, 492, 493, 494, 495, 496, 497, 498, 499, 500, 501, 502, 503, 504,
505, 506, 507, 508, 509, 510, 511, 512, 513, 514, 515, 516, 517, 518, 519,
520, 521, 522, 523, 524, 525, 526, 527, 528, 529, 530, 531, 532, 533, 534,
535, 536, 537, 538, 539, 540, 541, 542, 543, 544, 545, 546, 547, 548, 549,
550, 551, 552, 553, 554, 555, 556, 557, 558, 559, 560, 561, 562, 563, 564,
565, 566, 567, 568, 569, 570, 571, 572, 573, 574, 575, 576, 577, 578, 579,
580, 581, 582, 583, 584, 585, 586, 587, 588, 589, 590, 591, 592, 593, 594,
595, 596, 597, 598, 599, 600, 601, 602, 603, 604, 605, 606, 607, 608, 609,
610, 611, 612, 613, 614, 615, 616, 617, 618, 619, 620, 621, 622, 623, 624,
625, 626, 627, 628, 629, 630, 631, 632, 633, 634, 635, 636, 637, 638, 639,
640, 641, 642, 643, 644, 645, 646, 647, 648, 649, 650, 651, 652, 653, 654,
655, 656, 657, 658, 659, 660, 661, 662, 663, 664, 665, 666, 667, 668, 669,
670, 671, 672, 673, 674, 675, 676, 677, 678, 679, 680, 681, 682, 683, 684,
685, 686, 687, 688, 689, 690, 691, 692, 693, 694, 695, 696, 697, 698, 699,
700, 701, 702, 703, 704, 705, 706, 707, 708, 709, 710, 711, 712, 713, 714,
715, 716, 717, 718, 719, 720, 721, 722, 723, 724, 725, 726, 727, 728, 729,
730, 731, 732, 733, 734, 735, 736, 737, 738, 739, 740, 741, 742, 743, 744,
745, 746, 747, 748, 749, 750, 751, 752, 753, 754, 755, 756, 757, 758, 759,
760, 761, 762, 763, 764, 765, 766, 767, 768, 769, 770, 771, 772, 773, 774,
775, 776, 777, 778, 779, 780, 781, 782, 783, 784, 785, 786, 787, 788, 789,
790, 791, 792, 793, 794, 795, 796, 797, 798, 799, 800, 801, 802, 803, 804,
805, 806, 807, 808, 809, 810, 811, 812, 813, 814, 815, 816, 817, 818, 819,
820, 821, 822, 823, 824, 825, 826, 827, 828, 829, 830, 831, 832, 833, 834,
835, 836, 837, 838, 839, 840, 841, 842, 843, 844, 845, 846, 847, 848, 849,
850, 851, 852, 853, 854, 855, 856, 857, 858, 859, 860, 861, 862, 863, 864,
865, 866, 867, 868, 869, 870, 871, 872, 873, 874, 875, 876, 877, 878, 879,
880, 881, 882, 883, 884, 885, 886, 887, 888, 889, 890, 891, 892, 893, 894,
895, 896, 897, 898, 899, 900, 901, 902, 903, 904, 905, 906, 907, 908, 909,
910, 911, 912, 913, 914, 915, 916, 917, 918, 919, 920, 921, 922, 923, 924,
925, 926, 927, 928, 929, 930, 931, 932, 933, 934, 935, 936, 937, 938, 939,
940, 941, 942, 943, 944, 945, 946, 947, 948, 949, 950, 951, 952, 953, 954,
955, 956, 957, 958, 959, 960, 961, 962, 963, 964, 965, 966, 967, 968, 969,
970, 971, 972, 973, 974, 975, 976, 977, 978, 979, 980, 981, 982, 983, 984,
985, 986, 987, 988, 989, 990, 991, 992, 993, 994, 995, 996, 997, 998, 999,
1000, 1001, 1002, 1003, 1004, 1005, 1006, 1007, 1008, 1009, 1010, 1011,
1012, 1013, 1014, 1015, 1016, 1017, 1018, 1019, 1020, 1021, 1022, 1023,
1024, 1025, 1026, 1027, 1028, 1029, 1030, 1031, 1032, 1033, 1034, 1035,
1036, 1037, 1038, 1039, 1040, 1041, 1042, 1043, 1044, 1045, 1046, 1047,
1048, 1049, 1050, 1051, 1052, 1053, 1054, 1055, 1056, 1057, 1058, 1059,
1060, 1061, 1062, 1063, 1064, 1065, 1066, 1067, 1068, 1069, 1070, 1071,
1072, 1073, 1074, 1075, 1076, 1077, 1078, 1079, 1080, 1081, 1082, 1083,
1084, 1085, 1086, 1087, 1088, 1089, 1090, 1091, 1092, 1093, 1094, 1095,
1096, 1097, 1098, 1099, 1100, 1101, 1102, 1103, 1104, 1105, 1106, 1107,
1108, 1109, 1110, 1111, 1112, 1113, 1114, 1115, 1116, 1117, 1118, 1119,
1120, 1121, 1122, 1123, 1124, 1125, 1126, 1127, 1128, 1129, 1130, 1131,
1132, 1133, 1134, 1135, 1136, 1137, 1138, 1139, 1140, 1141, 1142, 1143,
1144, 1145, 1146, 1147, 1148, 1149, 1150, 1151, 1152, 1153, 1154, 1155,
1156, 1157, 1158, 1159, 1160, 1161, 1162, 1163, 1164, 1165, 1166, 1167,
1168, 1169, 1170, 1171, 1172)) AND (`listTest_listTest`.`product_id` =
:product_id). Bound with :product_id=&#039;1&#039;)</pre></td>
	</tr></table>
<!-- end of log messages -->